country,year,pop,continent,lifeExp,gdpPercap,bornPerwom
Afghanistan,1952,8425333,Asia,28801,779.4453145,7.55
Afghanistan,1957,9240934,Asia,30332,820.8530296,7.49
Afghanistan,1962,10267083,Asia,31997,853.10071,7.45
Afghanistan,1967,11537966,Asia,34.02,836.1971382,7.45
Afghanistan,1972,13079460,Asia,36088,739.9811058,7.45
Afghanistan,1977,14880372,Asia,38438,786.11336,7.45
Afghanistan,1982,12881816,Asia,39854,978.0114388,7.45
Afghanistan,1987,13867957,Asia,40822,852.3959448,7.46
Afghanistan,1992,16317921,Asia,41674,649.3413952,7.5
Afghanistan,1997,22227415,Asia,41763,635.341351,7.64
Afghanistan,2002,25268405,Asia,42129,726.7340548,7.27
Afghanistan,2007,31889923,Asia,43828,974.5803384,6.46
Albania,1952,1282697,Europe,55.23,1601.056136,6.13
Albania,1957,1476505,Europe,59.28,1942.284244,6.53
Albania,1962,1728137,Europe,64.82,2312.888958,6.28
Albania,1967,1984060,Europe,66.22,2760.196931,5.39
Albania,1972,2263554,Europe,67.69,3313.422188,4.64
Albania,1977,2509048,Europe,68.93,3533.00391,3.97
Albania,1982,2780097,Europe,70.42,3630.880722,3.45
Albania,1987,3075321,Europe,72,3738.932735,3.16
Albania,1992,3326498,Europe,71581,2497.437901,2.83
Albania,1997,3428038,Europe,72.95,3193.054604,2.42
Albania,2002,3508512,Europe,75651,4604.211737,1.98
Albania,2007,3600523,Europe,76423,5937.029526,1.67
Algeria,1952,9279525,Africa,43077,2449.008185,7.44
Algeria,1957,10270856,Africa,45685,3013.976023,7.43
Algeria,1962,11000948,Africa,48303,2550.81688,7.61
Algeria,1967,12760499,Africa,51407,3246.991771,7.67
Algeria,1972,14760787,Africa,54518,4182.663766,7.6
Algeria,1977,17152804,Africa,58014,4910.416756,7.23
Algeria,1982,20033753,Africa,61368,5745.160213,6.43
Algeria,1987,23254956,Africa,65799,5681.358539,5.41
Algeria,1992,26298373,Africa,67744,5023.216647,4.22
Algeria,1997,29072015,Africa,69152,4797.295051,2.99
Algeria,2002,31287142,Africa,70994,5288.040382,2.4
Algeria,2007,33333216,Africa,72301,6223.367465,2.66
Angola,1952,4232095,Africa,30015,3520.610273,7.15
Angola,1957,4561361,Africa,31999,3827.940465,7.31
Angola,1962,4826015,Africa,34,4269.276742,7.56
Angola,1967,5247469,Africa,35985,5522.776375,7.61
Angola,1972,5894858,Africa,37928,5473.288005,7.61
Angola,1977,6162675,Africa,39483,3008.647355,7.59
Angola,1982,7016384,Africa,39942,2756.953672,7.44
Angola,1987,7874230,Africa,39906,2430.208311,7.35
Angola,1992,8735988,Africa,40647,2627.845685,7.13
Angola,1997,9875024,Africa,40963,2277.140884,6.79
Angola,2002,10866106,Africa,41003,2773.287312,6.57
Angola,2007,12420476,Africa,42731,4797.231267,6.37
Argentina,1952,17876956,Americas,62485,5911.315053,3.16
Argentina,1957,19610538,Americas,64399,6856.856212,3.13
Argentina,1962,21283783,Americas,65142,7133.166023,3.09
Argentina,1967,22934225,Americas,65634,8052.953021,3.05
Argentina,1972,24779799,Americas,67065,9443.038526,3.15
Argentina,1977,26983828,Americas,68481,10079.02674,3.39
Argentina,1982,29341374,Americas,69942,8997.897412,3.21
Argentina,1987,31620918,Americas,70774,9139.671389,3.06
Argentina,1992,33958947,Americas,71868,9308.41871,2.91
Argentina,1997,36203463,Americas,73275,10967.28195,2.66
Argentina,2002,38331121,Americas,74.34,8797.640716,2.52
Argentina,2007,40301927,Americas,75.32,12779.37964,2.41
Australia,1952,8691212,Oceania,69.12,10039.59564,3.18
Australia,1957,9712569,Oceania,70.33,10949.64959,3.42
Australia,1962,10794968,Oceania,70.93,12217.22686,3.41
Australia,1967,11872264,Oceania,71.1,14526.12465,2.87
Australia,1972,13177000,Oceania,71.93,16788.62948,2.68
Australia,1977,14074100,Oceania,73.49,18334.19751,2.03
Australia,1982,15184200,Oceania,74.74,19477.00928,1.91
Australia,1987,16257249,Oceania,76.32,21888.88903,1.86
Australia,1992,17481977,Oceania,77.56,23424.76683,1.87
Australia,1997,18565243,Oceania,78.83,26997.93657,1.79
Australia,2002,19546792,Oceania,80.37,30687.75473,1.78
Australia,2007,20434176,Oceania,81235,34435.36744,1.92
Austria,1952,6927772,Europe,66.8,6137.076492,2.06
Austria,1957,6965860,Europe,67.48,8842.59803,2.57
Austria,1962,7129864,Europe,69.54,10750.72111,2.8
Austria,1967,7376998,Europe,70.14,12834.6024,2.62
Austria,1972,7544201,Europe,70.63,16661.6256,2.09
Austria,1977,7568430,Europe,72.17,19749.4223,1.63
Austria,1982,7574613,Europe,73.18,21597.08362,1.66
Austria,1987,7578903,Europe,74.94,23687.82607,1.43
Austria,1992,7914969,Europe,76.04,27042.01868,1.51
Austria,1997,8069876,Europe,77.51,29095.92066,1.39
Austria,2002,8148312,Europe,78.98,32417.60769,1.39
Austria,2007,8199783,Europe,79829,36126.4927,1.38
Bahrain,1952,120447,Asia,50939,9867.084765,6.97
Bahrain,1957,138655,Asia,53832,11635.79945,6.97
Bahrain,1962,171863,Asia,56923,12753.27514,7.17
Bahrain,1967,202182,Asia,59923,14804.6727,7
Bahrain,1972,230800,Asia,63.3,18268.65839,6.09
Bahrain,1977,297410,Asia,65593,19340.10196,5.28
Bahrain,1982,377967,Asia,69052,19211.14731,4.69
Bahrain,1987,454612,Asia,70.75,18524.02406,4.13
Bahrain,1992,529491,Asia,72601,19035.57917,3.47
Bahrain,1997,598561,Asia,73925,20292.01679,2.93
Bahrain,2002,656397,Asia,74795,23403.55927,2.67
Bahrain,2007,708573,Asia,75635,29796.04834,2.29
Bangladesh,1952,46886859,Asia,37484,684.2441716,6.33
Bangladesh,1957,51365468,Asia,39348,661.6374577,6.6
Bangladesh,1962,56839289,Asia,41216,686.3415538,6.79
Bangladesh,1967,62821884,Asia,43453,721.1860862,6.92
Bangladesh,1972,70759295,Asia,45252,630.2336265,6.93
Bangladesh,1977,80428306,Asia,46923,659.8772322,6.68
Bangladesh,1982,93074406,Asia,50009,676.9818656,6.06
Bangladesh,1987,103764241,Asia,52819,751.9794035,5.13
Bangladesh,1992,113704579,Asia,56018,837.8101643,4.2
Bangladesh,1997,123315288,Asia,59412,972.7700352,3.47
Bangladesh,2002,135656790,Asia,62013,1136.39043,2.91
Bangladesh,2007,150448339,Asia,64062,1391.253792,2.44
Belgium,1952,8730405,Europe,68,8343.105127,2.34
Belgium,1957,8989111,Europe,69.24,9714.960623,2.49
Belgium,1962,9218400,Europe,70.25,10991.20676,2.63
Belgium,1967,9556500,Europe,70.94,13149.04119,2.43
Belgium,1972,9709100,Europe,71.44,16672.14356,2.05
Belgium,1977,9821800,Europe,72.8,19117.97448,1.73
Belgium,1982,9856303,Europe,73.93,20979.84589,1.59
Belgium,1987,9870200,Europe,75.35,22525.56308,1.56
Belgium,1992,10045622,Europe,76.46,25575.57069,1.6
Belgium,1997,10199787,Europe,77.53,27561.19663,1.61
Belgium,2002,10311970,Europe,78.32,30485.88375,1.68
Belgium,2007,10392226,Europe,79441,33692.60508,1.8
Benin,1952,1738315,Africa,38223,1062.7522,5.83
Benin,1957,1925173,Africa,40358,959.6010805,6.11
Benin,1962,2151895,Africa,42618,949.4990641,6.39
Benin,1967,2427334,Africa,44885,1035.831411,6.63
Benin,1972,2761407,Africa,47014,1085.796879,6.82
Benin,1977,3168267,Africa,49.19,1029.161251,6.98
Benin,1982,3641603,Africa,50904,1277.897616,7.02
Benin,1987,4243788,Africa,52337,1225.85601,6.9
Benin,1992,4981671,Africa,53919,1191.207681,6.6
Benin,1997,6066080,Africa,54777,1232.975292,6.2
Benin,2002,7026113,Africa,54406,1372.877931,5.82
Benin,2007,8078314,Africa,56728,1441.284873,5.52
Bolivia,1952,2883315,Americas,40414,2677.326347,6.75
Bolivia,1957,3211738,Americas,41.89,2127.686326,6.75
Bolivia,1962,3593918,Americas,43428,2180.972546,6.65
Bolivia,1967,4040665,Americas,45032,2586.886053,6.59
Bolivia,1972,4565872,Americas,46714,2980.331339,6.5
Bolivia,1977,5079716,Americas,50023,3548.097832,5.9
Bolivia,1982,5642224,Americas,53859,3156.510452,5.34
Bolivia,1987,6156369,Americas,57251,2753.69149,5.03
Bolivia,1992,6893451,Americas,59957,2961.699694,4.81
Bolivia,1997,7693188,Americas,62.05,3326.143191,4.37
Bolivia,2002,8445134,Americas,63883,3413.26269,3.87
Bolivia,2007,9119152,Americas,65554,3822.137084,3.43
Bosnia and Herzegovina,1952,2791000,Europe,53.82,973.5331948,4.9
Bosnia and Herzegovina,1957,3076000,Europe,58.45,1353.989176,4.07
Bosnia and Herzegovina,1962,3349000,Europe,61.93,1709.683679,3.68
Bosnia and Herzegovina,1967,3585000,Europe,64.79,2172.352423,3.21
Bosnia and Herzegovina,1972,3819000,Europe,67.45,2860.16975,2.76
Bosnia and Herzegovina,1977,4086000,Europe,69.86,3528.481305,2.32
Bosnia and Herzegovina,1982,4172693,Europe,70.69,4126.613157,2.03
Bosnia and Herzegovina,1987,4338977,Europe,71.14,4314.114757,1.87
Bosnia and Herzegovina,1992,4256013,Europe,72178,2546.781445,1.73
Bosnia and Herzegovina,1997,3607000,Europe,73244,4766.355904,1.66
Bosnia and Herzegovina,2002,4165416,Europe,74.09,6018.975239,1.37
Bosnia and Herzegovina,2007,4552198,Europe,74852,7446.298803,1.29
Botswana,1952,442308,Africa,47622,851.2411407,6.49
Botswana,1957,474639,Africa,49618,918.2325349,6.57
Botswana,1962,512764,Africa,51.52,983.6539764,6.65
Botswana,1967,553541,Africa,53298,1214.709294,6.7
Botswana,1972,619351,Africa,56024,2263.611114,6.58
Botswana,1977,781472,Africa,59319,3214.857818,6.39
Botswana,1982,970347,Africa,61484,4551.14215,5.98
Botswana,1987,1151184,Africa,63622,6205.88385,5.04
Botswana,1992,1342614,Africa,62745,7954.111645,4.29
Botswana,1997,1536536,Africa,52556,8647.142313,3.72
Botswana,2002,1630347,Africa,46634,11003.60508,3.19
Botswana,2007,1639131,Africa,50728,12569.85177,2.92
Brazil,1952,56602560,Americas,50917,2108.944355,6.15
Brazil,1957,65551171,Americas,53285,2487.365989,6.18
Brazil,1962,76039390,Americas,55665,3336.585802,6.14
Brazil,1967,88049823,Americas,57632,3429.864357,5.49
Brazil,1972,100840058,Americas,59504,4985.711467,4.78
Brazil,1977,114313951,Americas,61489,6660.118654,4.34
Brazil,1982,128962939,Americas,63336,7030.835878,3.85
Brazil,1987,142938076,Americas,65205,7807.095818,3.17
Brazil,1992,155975974,Americas,67057,6950.283021,2.64
Brazil,1997,168546719,Americas,69388,7957.980824,2.46
Brazil,2002,179914212,Americas,71006,8131.212843,2.16
Brazil,2007,190010647,Americas,72.39,9065.800825,1.88
Bulgaria,1952,7274900,Europe,59.6,2444.286648,2.55
Bulgaria,1957,7651254,Europe,66.61,3008.670727,2.31
Bulgaria,1962,8012946,Europe,69.51,4254.337839,2.21
Bulgaria,1967,8310226,Europe,70.42,5577.0028,2.14
Bulgaria,1972,8576200,Europe,70.9,6597.494398,2.16
Bulgaria,1977,8797022,Europe,70.81,7612.240438,2.18
Bulgaria,1982,8892098,Europe,71.08,8224.191647,2.06
Bulgaria,1987,8971958,Europe,71.34,8239.854824,1.94
Bulgaria,1992,8658506,Europe,71.19,6302.623438,1.6
Bulgaria,1997,8066057,Europe,70.32,5970.38876,1.23
Bulgaria,2002,7661799,Europe,72.14,7696.777725,1.22
Bulgaria,2007,7322858,Europe,73005,10680.79282,1.42
Burkina Faso,1952,4469979,Africa,31975,543.2552413,6.09
Burkina Faso,1957,4713416,Africa,34906,617.1834648,6.23
Burkina Faso,1962,4919632,Africa,37814,722.5120206,6.34
Burkina Faso,1967,5127935,Africa,40697,794.8265597,6.53
Burkina Faso,1972,5433886,Africa,43591,854.7359763,6.7
Burkina Faso,1977,5889574,Africa,46137,743.3870368,6.98
Burkina Faso,1982,6634596,Africa,48122,807.1985855,7.17
Burkina Faso,1987,7586551,Africa,49557,912.0631417,7.09
Burkina Faso,1992,8878303,Africa,50.26,931.7527731,6.95
Burkina Faso,1997,10352843,Africa,50324,946.2949618,6.75
Burkina Faso,2002,12251209,Africa,50.65,1037.645221,6.47
Burkina Faso,2007,14326203,Africa,52295,1217.032994,6.12
Burundi,1952,2445618,Africa,39031,339.2964587,6.8
Burundi,1957,2667518,Africa,40533,379.5646281,6.85
Burundi,1962,2961915,Africa,42045,355.2032273,7.05
Burundi,1967,3330989,Africa,43548,412.9775136,7.25
Burundi,1972,3529983,Africa,44057,464.0995039,7.31
Burundi,1977,3834415,Africa,45.91,556.1032651,7.41
Burundi,1982,4580410,Africa,47471,559.603231,7.42
Burundi,1987,5126023,Africa,48211,621.8188189,7.53
Burundi,1992,5809236,Africa,44736,631.6998778,7.43
Burundi,1997,6121610,Africa,45326,463.1151478,7.18
Burundi,2002,7021078,Africa,47.36,446.4035126,6.89
Burundi,2007,8390505,Africa,49.58,430.0706916,6.53
Cambodia,1952,4693836,Asia,39417,368.4692856,6.95
Cambodia,1957,5322536,Asia,41366,434.0383364,6.96
Cambodia,1962,6083619,Asia,43415,496.9136476,6.96
Cambodia,1967,6960067,Asia,45415,523.4323142,6.75
Cambodia,1972,7450606,Asia,40317,421.6240257,6.18
Cambodia,1977,6978607,Asia,31.22,524.9721832,5.56
Cambodia,1982,7272485,Asia,50957,624.4754784,6.19
Cambodia,1987,8371791,Asia,53914,683.8955732,6.1
Cambodia,1992,10150094,Asia,55803,682.3031755,5.24
Cambodia,1997,11782962,Asia,56534,734.28517,4.33
Cambodia,2002,12926707,Asia,56752,896.2260153,3.52
Cambodia,2007,14131858,Asia,59723,1713.778686,3.09
Cameroon,1952,5009067,Africa,38523,1172.667655,5.49
Cameroon,1957,5359923,Africa,40428,1313.048099,5.51
Cameroon,1962,5793633,Africa,42643,1399.607441,5.77
Cameroon,1967,6335506,Africa,44799,1508.453148,6.06
Cameroon,1972,7021028,Africa,47049,1684.146528,6.29
Cameroon,1977,7959865,Africa,49355,1783.432873,6.49
Cameroon,1982,9250831,Africa,52961,2367.983282,6.69
Cameroon,1987,10780667,Africa,54985,2602.664206,6.63
Cameroon,1992,12467171,Africa,54314,1793.163278,6.26
Cameroon,1997,14195809,Africa,52199,1694.337469,5.8
Cameroon,2002,15929988,Africa,49856,1934.011449,5.48
Cameroon,2007,17696293,Africa,50.43,2042.09524,5.27
Canada,1952,14785584,Americas,68.75,11367.16112,3.61
Canada,1957,17010154,Americas,69.96,12489.95006,3.91
Canada,1962,18985849,Americas,71.3,13462.48555,3.7
Canada,1967,20819767,Americas,72.13,16076.58803,2.75
Canada,1972,22284500,Americas,72.88,18970.57086,2.01
Canada,1977,23796400,Americas,74.21,22090.88306,1.74
Canada,1982,25201900,Americas,75.76,22898.79214,1.63
Canada,1987,26549700,Americas,76.86,26626.51503,1.62
Canada,1992,28523502,Americas,77.95,26342.88426,1.68
Canada,1997,30305843,Americas,78.61,28954.92589,1.58
Canada,2002,31902268,Americas,79.77,33328.96507,1.52
Canada,2007,33390141,Americas,80653,36319.23501,1.62
Central African Republic,1952,1291695,Africa,35463,1071.310713,5.49
Central African Republic,1957,1392284,Africa,37464,1190.844328,5.73
Central African Republic,1962,1523478,Africa,39475,1193.068753,5.89
Central African Republic,1967,1733638,Africa,41478,1136.056615,5.95
Central African Republic,1972,1927260,Africa,43457,1070.013275,5.95
Central African Republic,1977,2167533,Africa,46775,1109.374338,5.95
Central African Republic,1982,2476971,Africa,48295,956.7529907,5.96
Central African Republic,1987,2840009,Africa,50485,844.8763504,5.91
Central African Republic,1992,3265124,Africa,49396,747.9055252,5.73
Central African Republic,1997,3696513,Africa,46066,740.5063317,5.56
Central African Republic,2002,4048013,Africa,43308,738.6906068,5.46
Central African Republic,2007,4369038,Africa,44741,706.016537,5.32
Chad,1952,2682462,Africa,38092,1178.665927,6.09
Chad,1957,2894855,Africa,39881,1308.495577,6.19
Chad,1962,3150417,Africa,41716,1389.817618,6.29
Chad,1967,3495967,Africa,43601,1196.810565,6.39
Chad,1972,3899068,Africa,45569,1104.103987,6.64
Chad,1977,4388260,Africa,47383,1133.98495,6.86
Chad,1982,4875118,Africa,49517,797.9081006,7.02
Chad,1987,5498955,Africa,51051,952.386129,7.2
Chad,1992,6429417,Africa,51724,1058.0643,7.38
Chad,1997,7562011,Africa,51573,1004.961353,7.42
Chad,2002,8835739,Africa,50525,1156.18186,7.27
Chad,2007,10238807,Africa,50651,1704.063724,6.9
Chile,1952,6377619,Americas,54745,3939.978789,5.02
Chile,1957,7048426,Americas,56074,4315.622723,5.24
Chile,1962,7961258,Americas,57924,4519.094331,5
Chile,1967,8858908,Americas,60523,5106.654313,4.5
Chile,1972,9717524,Americas,63441,5494.024437,3.67
Chile,1977,10599793,Americas,67052,4756.763836,2.99
Chile,1982,11487112,Americas,70565,5095.665738,2.71
Chile,1987,12463354,Americas,72492,5547.063754,2.64
Chile,1992,13572994,Americas,74126,7596.125964,2.46
Chile,1997,14599929,Americas,75816,10118.05318,2.23
Chile,2002,15497046,Americas,77.86,10778.78385,2.05
Chile,2007,16284741,Americas,78553,13171.63885,1.95
China,1952,556263528.0,Asia,44,400.4486107,5.97
China,1957,637408000,Asia,50.54896,575.9870009,6.21
China,1962,665770000,Asia,44.50136,487.6740183,5.97
China,1967,754550000,Asia,58.38112,612.7056934,5.25
China,1972,862030000,Asia,63.11888,676.9000921,4.92
China,1977,943455000,Asia,63.96736,741.2374699,2.87
China,1982,1000281000,Asia,65525,962.4213805,2.58
China,1987,1084035000,Asia,67274,1378.904018,2.65
China,1992,1164970000,Asia,68.69,1655.784158,2.02
China,1997,1230075000,Asia,70426,2289.234136,1.53
China,2002,1280400000,Asia,72028,3119.280896,1.52
China,2007,1318683096,Asia,72961,4959.114854,1.58
Colombia,1952,12350771,Americas,50643,2144.115096,6.76
Colombia,1957,14485993,Americas,55118,2323.805581,6.78
Colombia,1962,17009885,Americas,57863,2492.351109,6.78
Colombia,1967,19764027,Americas,59963,2678.729839,6.25
Colombia,1972,22542890,Americas,61623,3264.660041,5.07
Colombia,1977,25094412,Americas,63837,3815.80787,4.28
Colombia,1982,27764644,Americas,66653,4397.575659,3.74
Colombia,1987,30964245,Americas,67768,4903.2191,3.23
Colombia,1992,34202721,Americas,68421,5444.648617,2.86
Colombia,1997,37657830,Americas,70313,6117.361746,2.54
Colombia,2002,41008227,Americas,71682,5755.259962,2.31
Colombia,2007,44227550,Americas,72889,7006.580419,2.12
Comoros,1952,153936,Africa,40715,1102.990936,5.93
Comoros,1957,170928,Africa,42.46,1211.148548,6.56
Comoros,1962,191689,Africa,44467,1406.648278,6.9
Comoros,1967,217378,Africa,46472,1876.029643,7.04
Comoros,1972,250027,Africa,48944,1937.577675,7.06
Comoros,1977,304739,Africa,50939,1172.603047,7.08
Comoros,1982,348643,Africa,52933,1267.100083,7.03
Comoros,1987,395114,Africa,54926,1315.980812,6.14
Comoros,1992,454429,Africa,57939,1246.90737,5.36
Comoros,1997,527982,Africa,60.66,1173.618235,5.27
Comoros,2002,614382,Africa,62974,1075.811558,5.3
Comoros,2007,710960,Africa,65152,986.1478792,5.11
Rep.Congo,1952,854885,Africa,42111,2125.621418,5.68
Rep.Congo,1957,940458,Africa,45053,2315.056572,5.77
Rep.Congo,1962,1047924,Africa,48435,2464.783157,5.97
Rep.Congo,1967,1179760,Africa,52.04,2677.939642,6.18
Rep.Congo,1972,1340458,Africa,54907,3213.152683,6.35
Rep.Congo,1977,1536769,Africa,55625,3259.178978,6.36
Rep.Congo,1982,1774735,Africa,56695,4879.507522,6.05
Rep.Congo,1987,2064095,Africa,57.47,4201.194937,5.59
Rep.Congo,1992,2409073,Africa,56433,4016.239529,5.24
Rep.Congo,1997,2800947,Africa,52962,3484.164376,5.12
Rep.Congo,2002,3328795,Africa,52.97,3484.06197,5.08
Rep.Congo,2007,3800610,Africa,55322,3632.557798,5.01
Costa Rica,1952,926317,Americas,57206,2627.009471,6.25
Costa Rica,1957,1112300,Americas,60026,2990.010802,6.54
Costa Rica,1962,1345187,Americas,62842,3460.937025,6.32
Costa Rica,1967,1588717,Americas,65424,4161.727834,5.38
Costa Rica,1972,1834796,Americas,67849,5118.146939,4.19
Costa Rica,1977,2108457,Americas,70.75,5926.876967,3.7
Costa Rica,1982,2424367,Americas,73.45,5262.734751,3.52
Costa Rica,1987,2799811,Americas,74752,5629.915318,3.33
Costa Rica,1992,3173216,Americas,75713,6160.416317,3.04
Costa Rica,1997,3518107,Americas,77.26,6677.045314,2.65
Costa Rica,2002,3834934,Americas,78123,7723.447195,2.22
Costa Rica,2007,4133884,Americas,78782,9645.06142,2.01
Cote d'Ivoire,1952,2977019,Africa,40477,1388.594732,6.74
Cote d'Ivoire,1957,3300000,Africa,42469,1500.895925,7.12
Cote d'Ivoire,1962,3832408,Africa,44.93,1728.869428,7.51
Cote d'Ivoire,1967,4744870,Africa,47.35,2052.050473,7.82
Cote d'Ivoire,1972,6071696,Africa,49801,2378.201111,7.94
Cote d'Ivoire,1977,7459574,Africa,52374,2517.736547,7.83
Cote d'Ivoire,1982,9025951,Africa,53983,2602.710169,7.38
Cote d'Ivoire,1987,10761098,Africa,54655,2156.956069,6.82
Cote d'Ivoire,1992,12772596,Africa,52044,1648.073791,6.3
Cote d'Ivoire,1997,14625967,Africa,47991,1786.265407,5.92
Cote d'Ivoire,2002,16252726,Africa,46832,1648.800823,5.58
Cote d'Ivoire,2007,18013409,Africa,48328,1544.750112,5.34
Croatia,1952,3882229,Europe,61.21,3119.23652,2.8
Croatia,1957,3991242,Europe,64.77,4338.231617,2.45
Croatia,1962,4076557,Europe,67.13,5477.890018,2.27
Croatia,1967,4174366,Europe,68.5,6960.297861,2.1
Croatia,1972,4225310,Europe,69.61,9164.090127,1.98
Croatia,1977,4318673,Europe,70.64,11305.38517,2.01
Croatia,1982,4413368,Europe,70.46,13221.82184,1.98
Croatia,1987,4484310,Europe,71.52,13822.58394,1.84
Croatia,1992,4494013,Europe,72527,8447.794873,1.57
Croatia,1997,4444595,Europe,73.68,9875.604515,1.51
Croatia,2002,4481020,Europe,74876,11628.38895,1.39
Croatia,2007,4493312,Europe,75748,14619.22272,1.41
Cuba,1952,6007797,Americas,59421,5586.53878,4.22
Cuba,1957,6640752,Americas,62325,6092.174359,3.72
Cuba,1962,7254373,Americas,65246,5180.75591,4.51
Cuba,1967,8139332,Americas,68.29,5690.268015,4.43
Cuba,1972,8831348,Americas,70723,5305.445256,3.65
Cuba,1977,9537988,Americas,72649,6380.494966,2.33
Cuba,1982,9789224,Americas,73717,7316.918107,1.83
Cuba,1987,10239839,Americas,74174,7532.924763,1.83
Cuba,1992,10723260,Americas,74414,5592.843963,1.68
Cuba,1997,10983007,Americas,76151,5431.990415,1.63
Cuba,2002,11226999,Americas,77158,6340.646683,1.59
Cuba,2007,11416987,Americas,78273,8948.102923,1.58
Czech Republic,1952,9125183,Europe,66.87,6876.14025,2.75
Czech Republic,1957,9513758,Europe,69.03,8256.343918,2.41
Czech Republic,1962,9620282,Europe,69.9,10136.86713,2.2
Czech Republic,1967,9835109,Europe,70.38,11399.44489,1.99
Czech Republic,1972,9862158,Europe,70.29,13108.4536,2.18
Czech Republic,1977,10161915,Europe,70.71,14800.16062,2.34
Czech Republic,1982,10303704,Europe,70.96,15377.22855,2.04
Czech Republic,1987,10311597,Europe,71.58,16310.4434,1.9
Czech Republic,1992,10315702,Europe,72.4,14297.02122,1.66
Czech Republic,1997,10300707,Europe,74.01,16048.51424,1.22
Czech Republic,2002,10256295,Europe,75.51,17596.21022,1.17
Czech Republic,2007,10228744,Europe,76486,22833.30851,1.39
Denmark,1952,4334000,Europe,70.78,9692.385245,2.54
Denmark,1957,4487831,Europe,71.81,11099.65935,2.56
Denmark,1962,4646899,Europe,72.35,13583.31351,2.54
Denmark,1967,4838800,Europe,72.96,15937.21123,2.35
Denmark,1972,4991596,Europe,73.47,18866.20721,2.03
Denmark,1977,5088419,Europe,74.69,20422.9015,1.66
Denmark,1982,5117810,Europe,74.63,21688.04048,1.43
Denmark,1987,5127024,Europe,74.8,25116.17581,1.5
Denmark,1992,5171393,Europe,75.33,26406.73985,1.76
Denmark,1997,5283663,Europe,76.11,29804.34567,1.75
Denmark,2002,5374693,Europe,77.18,32166.50006,1.72
Denmark,2007,5468120,Europe,78332,35278.41874,1.85
Djibouti,1952,63149,Africa,34812,2669.529475,6.31
Djibouti,1957,71851,Africa,37328,2864.969076,6.38
Djibouti,1962,89898,Africa,39693,3020.989263,6.53
Djibouti,1967,127617,Africa,42074,3020.050513,6.7
Djibouti,1972,178848,Africa,44366,3694.212352,6.84
Djibouti,1977,228694,Africa,46519,3081.761022,6.67
Djibouti,1982,305991,Africa,48812,2879.468067,6.32
Djibouti,1987,311025,Africa,50.04,2880.102568,6.19
Djibouti,1992,384156,Africa,51604,2377.156192,5.88
Djibouti,1997,417908,Africa,53157,1895.016984,4.96
Djibouti,2002,447416,Africa,53373,1908.260867,4.24
Djibouti,2007,496374,Africa,54791,2082.481567,3.62
Dominican Republic,1952,2491346,Americas,45928,1397.717137,7.59
Dominican Republic,1957,2923186,Americas,49828,1544.402995,7.67
Dominican Republic,1962,3453434,Americas,53459,1662.137359,7.4
Dominican Republic,1967,4049146,Americas,56751,1653.723003,6.74
Dominican Republic,1972,4671329,Americas,59631,2189.874499,5.78
Dominican Republic,1977,5302800,Americas,61788,2681.9889,4.85
Dominican Republic,1982,5968349,Americas,63727,2861.092386,4.19
Dominican Republic,1987,6655297,Americas,66046,2899.842175,3.69
Dominican Republic,1992,7351181,Americas,68457,3044.214214,3.33
Dominican Republic,1997,7992357,Americas,69957,3614.101285,3.01
Dominican Republic,2002,8650322,Americas,70847,4563.808154,2.84
Dominican Republic,2007,9319622,Americas,72235,6025.374752,2.69
Ecuador,1952,3548753,Americas,48357,3522.110717,6.73
Ecuador,1957,4058385,Americas,51356,3780.546651,6.75
Ecuador,1962,4681707,Americas,54.64,4086.114078,6.68
Ecuador,1967,5432424,Americas,56678,4579.074215,6.44
Ecuador,1972,6298651,Americas,58796,5280.99471,5.87
Ecuador,1977,7278866,Americas,61.31,6679.62326,5.13
Ecuador,1982,8365850,Americas,64342,7213.791267,4.5
Ecuador,1987,9545158,Americas,67231,6481.776993,4.03
Ecuador,1992,10748394,Americas,69613,7103.702595,3.59
Ecuador,1997,11911819,Americas,72312,7429.455877,3.23
Ecuador,2002,12921234,Americas,74173,5773.044512,2.91
Ecuador,2007,13755680,Americas,74994,6873.262326,2.74
Egypt,1952,22223309,Africa,41893,1418.822445,6.69
Egypt,1957,25009741,Africa,44444,1458.915272,6.74
Egypt,1962,28173309,Africa,46992,1693.335853,6.67
Egypt,1967,31681188,Africa,49293,1814.880728,6.47
Egypt,1972,34807417,Africa,51137,2024.008147,6.06
Egypt,1977,38783863,Africa,53319,2785.493582,5.73
Egypt,1982,45681811,Africa,56006,3503.729636,5.53
Egypt,1987,52799062,Africa,59797,3885.46071,5.18
Egypt,1992,59402198,Africa,63674,3794.755195,4.25
Egypt,1997,66134291,Africa,67217,4173.181797,3.46
Egypt,2002,73312559,Africa,69806,4754.604414,3.13
Egypt,2007,80264543,Africa,71338,5581.180998,3.02
El Salvador,1952,2042865,Americas,45262,3048.3029,6.3
El Salvador,1957,2355805,Americas,48.57,3421.523218,6.59
El Salvador,1962,2747687,Americas,52307,3776.803627,6.67
El Salvador,1967,3232927,Americas,55855,4358.595393,6.42
El Salvador,1972,3790903,Americas,58207,4520.246008,6
El Salvador,1977,4282586,Americas,56696,5138.922374,5.49
El Salvador,1982,4474873,Americas,56604,4098.344175,4.82
El Salvador,1987,4842194,Americas,63154,4140.442097,4.22
El Salvador,1992,5274649,Americas,66798,4444.2317,3.82
El Salvador,1997,5783439,Americas,69535,5154.825496,3.38
El Salvador,2002,6353681,Americas,70734,5351.568666,2.79
El Salvador,2007,6939688,Americas,71878,5728.353514,2.41
Equatorial Guinea,1952,216964,Africa,34482,375.6431231,5.59
Equatorial Guinea,1957,232922,Africa,35983,426.0964081,5.62
Equatorial Guinea,1962,249220,Africa,37485,582.8419714,5.67
Equatorial Guinea,1967,259864,Africa,38987,915.5960025,5.78
Equatorial Guinea,1972,277603,Africa,40516,672.4122571,5.81
Equatorial Guinea,1977,192675,Africa,42024,958.5668124,5.8
Equatorial Guinea,1982,285483,Africa,43662,927.8253427,5.88
Equatorial Guinea,1987,341244,Africa,45664,966.8968149,5.97
Equatorial Guinea,1992,387838,Africa,47545,1132.055034,5.98
Equatorial Guinea,1997,439971,Africa,48245,2814.480755,5.94
Equatorial Guinea,2002,495627,Africa,49348,7703.4959,5.73
Equatorial Guinea,2007,551201,Africa,51579,12154.08975,5.43
Eritrea,1952,1438760,Africa,35928,328.9405571,6.96
Eritrea,1957,1542611,Africa,38047,344.1618859,6.97
Eritrea,1962,1666618,Africa,40158,380.9958433,6.84
Eritrea,1967,1820319,Africa,42189,468.7949699,6.71
Eritrea,1972,2260187,Africa,44142,514.3242082,6.62
Eritrea,1977,2512642,Africa,44535,505.7538077,6.63
Eritrea,1982,2637297,Africa,43.89,524.8758493,6.69
Eritrea,1987,2915959,Africa,46453,521.1341333,6.55
Eritrea,1992,3668440,Africa,49991,582.8585102,6.23
Eritrea,1997,4058319,Africa,53378,913.47079,5.67
Eritrea,2002,4414865,Africa,55.24,765.3500015,5.15
Eritrea,2007,4906585,Africa,58.04,641.3695236,4.82
Ethiopia,1952,20860941,Africa,34078,362.1462796,7.2
Ethiopia,1957,22815614,Africa,36667,378.9041632,6.92
Ethiopia,1962,25145372,Africa,40059,419.4564161,6.88
Ethiopia,1967,27860297,Africa,42115,516.1186438,6.88
Ethiopia,1972,30770372,Africa,43515,566.2439442,7.06
Ethiopia,1977,34617799,Africa,44.51,556.8083834,7.2
Ethiopia,1982,38111756,Africa,44916,577.8607471,7.4
Ethiopia,1987,42999530,Africa,46684,573.7413142,7.39
Ethiopia,1992,52088559,Africa,48091,421.3534653,7.14
Ethiopia,1997,59861301,Africa,49402,515.8894013,6.86
Ethiopia,2002,67946797,Africa,50725,530.0535319,6.22
Ethiopia,2007,76511887,Africa,52947,690.8055759,5.36
Finland,1952,4090500,Europe,66.55,6424.519071,3.06
Finland,1957,4324000,Europe,67.49,7545.415386,2.86
Finland,1962,4491443,Europe,68.75,9371.842561,2.66
Finland,1967,4605744,Europe,69.83,10921.63626,2.32
Finland,1972,4639657,Europe,70.87,14358.8759,1.59
Finland,1977,4738902,Europe,72.52,15605.42283,1.69
Finland,1982,4826933,Europe,74.55,18533.15761,1.72
Finland,1987,4931729,Europe,74.83,21141.01223,1.59
Finland,1992,5041039,Europe,75.7,20647.16499,1.85
Finland,1997,5134406,Europe,77.13,23723.9502,1.75
Finland,2002,5193039,Europe,78.37,28204.59057,1.72
Finland,2007,5238460,Europe,79313,33207.0844,1.83
France,1952,42459667,Europe,67.41,7029.809327,2.76
France,1957,44310863,Europe,68.93,8662.834898,2.7
France,1962,47124000,Europe,70.51,10560.48553,2.81
France,1967,49569000,Europe,71.55,12999.91766,2.68
France,1972,51732000,Europe,72.38,16107.19171,2.33
France,1977,53165019,Europe,73.83,18292.63514,1.92
France,1982,54433565,Europe,74.89,20293.89746,1.84
France,1987,55630100,Europe,76.34,22066.44214,1.81
France,1992,57374179,Europe,77.46,24703.79615,1.72
France,1997,58623428,Europe,78.64,25889.78487,1.75
France,2002,59925035,Europe,79.59,28926.03234,1.87
France,2007,61083916,Europe,80657,30470.0167,1.97
Gabon,1952,420702,Africa,37003,4293.476475,5.07
Gabon,1957,434904,Africa,38999,4976.198099,4.93
Gabon,1962,455661,Africa,40489,6631.459222,4.97
Gabon,1967,489004,Africa,44598,8358.761987,5.14
Gabon,1972,537977,Africa,48.69,11401.94841,5.33
Gabon,1977,706367,Africa,52.79,21745.57328,5.57
Gabon,1982,753874,Africa,56564,15113.36194,5.72
Gabon,1987,880397,Africa,60.19,11864.40844,5.61
Gabon,1992,985739,Africa,61366,13522.15752,5.26
Gabon,1997,1126189,Africa,60461,14722.84188,4.81
Gabon,2002,1299304,Africa,56761,12521.71392,4.39
Gabon,2007,1454867,Africa,56735,13206.48452,4.16
Gambia,1952,284320,Africa,30,485.2306591,5.27
Gambia,1957,323150,Africa,32065,520.9267111,5.44
Gambia,1962,374020,Africa,33896,599.650276,5.67
Gambia,1967,439593,Africa,35857,734.7829124,5.94
Gambia,1972,517101,Africa,38308,756.0868363,6.19
Gambia,1977,608274,Africa,41842,884.7552507,6.33
Gambia,1982,715523,Africa,45.58,835.8096108,6.3
Gambia,1987,848406,Africa,49265,611.6588611,6.16
Gambia,1992,1025384,Africa,52644,665.6244126,6.08
Gambia,1997,1235767,Africa,55861,653.7301704,6
Gambia,2002,1457766,Africa,58041,660.5855997,5.91
Gambia,2007,1688359,Africa,59448,752.7497265,5.79
Germany,1952,69145952,Europe,67.5,7144.114393,2.11
Germany,1957,71019069,Europe,69.1,10187.82665,2.27
Germany,1962,73739117,Europe,70.3,12902.46291,2.47
Germany,1967,76368453,Europe,70.8,14745.62561,2.37
Germany,1972,78717088,Europe,71,18016.18027,1.8
Germany,1977,78160773,Europe,72.5,20512.92123,1.5
Germany,1982,78335266,Europe,73.8,22031.53274,1.46
Germany,1987,77718298,Europe,74847,24639.18566,1.43
Germany,1992,80597764,Europe,76.07,26505.30317,1.32
Germany,1997,82011073,Europe,77.34,27788.88416,1.33
Germany,2002,82350671,Europe,78.67,30035.80198,1.35
Germany,2007,82400996,Europe,79406,32170.37442,1.36
Ghana,1952,5581001,Africa,43149,911.2989371,6.42
Ghana,1957,6391288,Africa,44779,1043.561537,6.62
Ghana,1962,7355248,Africa,46452,1190.041118,6.83
Ghana,1967,8490213,Africa,48072,1125.69716,6.95
Ghana,1972,9354120,Africa,49875,1178.223708,6.92
Ghana,1977,10538093,Africa,51756,993.2239571,6.72
Ghana,1982,11400338,Africa,53744,876.032569,6.39
Ghana,1987,14168101,Africa,55729,847.0061135,5.93
Ghana,1992,16278738,Africa,57501,925.060154,5.4
Ghana,1997,18418288,Africa,58556,1005.245812,5.04
Ghana,2002,20550751,Africa,58453,1111.984578,4.68
Ghana,2007,22873338,Africa,60022,1327.60891,4.39
Greece,1952,7733250,Europe,65.86,3530.690067,2.4
Greece,1957,8096218,Europe,67.86,4916.299889,2.39
Greece,1962,8448233,Europe,69.51,6017.190733,2.32
Greece,1967,8716441,Europe,71,8513.097016,2.51
Greece,1972,8888628,Europe,72.34,12724.82957,2.55
Greece,1977,9308479,Europe,73.68,14195.52428,2.44
Greece,1982,9786480,Europe,75.24,15268.42089,2.1
Greece,1987,9974490,Europe,76.67,16120.52839,1.63
Greece,1992,10325429,Europe,77.03,17541.49634,1.42
Greece,1997,10502372,Europe,77869,18747.69814,1.35
Greece,2002,10603863,Europe,78256,22514.2548,1.34
Greece,2007,10706290,Europe,79483,27538.41188,1.44
Guatemala,1952,3146381,Americas,42023,2428.237769,7.09
Guatemala,1957,3640876,Americas,44142,2617.155967,6.94
Guatemala,1962,4208858,Americas,46954,2750.364446,6.82
Guatemala,1967,4690773,Americas,50016,3242.531147,6.71
Guatemala,1972,5149581,Americas,53738,4031.408271,6.6
Guatemala,1977,5703430,Americas,56029,4879.992748,6.48
Guatemala,1982,6395630,Americas,58137,4820.49479,6.19
Guatemala,1987,7326406,Americas,60782,4246.485974,5.66
Guatemala,1992,8486949,Americas,63373,4439.45084,5.32
Guatemala,1997,9803875,Americas,66322,4684.313807,4.9
Guatemala,2002,11178650,Americas,68978,4858.347495,4.37
Guatemala,2007,12572928,Americas,70259,5186.050003,3.7
Guinea,1952,2664249,Africa,33609,510.1964923,5.99
Guinea,1957,2876726,Africa,34558,576.2670245,6.07
Guinea,1962,3140003,Africa,35753,686.3736739,6.14
Guinea,1967,3451418,Africa,37197,708.7595409,6.18
Guinea,1972,3811387,Africa,38842,741.6662307,6.28
Guinea,1977,4227026,Africa,40762,874.6858643,6.44
Guinea,1982,4710497,Africa,42891,857.2503577,6.58
Guinea,1987,5650262,Africa,45552,805.5724718,6.64
Guinea,1992,6990574,Africa,48576,794.3484384,6.54
Guinea,1997,8048834,Africa,51455,869.4497668,6.27
Guinea,2002,8807818,Africa,53676,945.5835837,5.95
Guinea,2007,9947814,Africa,56007,942.6542111,5.58
Guinea+AC0-Bissau,1952,580653,Africa,32.5,299.850319,6.42
Guinea+AC0-Bissau,1957,601095,Africa,33489,431.7904566,5.91
Guinea+AC0-Bissau,1962,627820,Africa,34488,522.0343725,5.94
Guinea+AC0-Bissau,1967,601287,Africa,35492,715.5806402,5.99
Guinea+AC0-Bissau,1972,625361,Africa,36486,820.2245876,6.08
Guinea+AC0-Bissau,1977,745228,Africa,37465,764.7259628,6.25
Guinea+AC0-Bissau,1982,825987,Africa,39327,838.1239671,6.64
Guinea+AC0-Bissau,1987,927524,Africa,41245,736.4153921,6.72
Guinea+AC0-Bissau,1992,1050938,Africa,43266,745.5398706,6.53
Guinea+AC0-Bissau,1997,1193708,Africa,44873,796.6644681,6.11
Guinea+AC0-Bissau,2002,1332459,Africa,45504,575.7047176,5.64
Guinea+AC0-Bissau,2007,1472041,Africa,46388,579.231743,5.24
Haiti,1952,3201488,Americas,37579,1840.366939,6.3
Haiti,1957,3507701,Americas,40696,1726.887882,6.31
Haiti,1962,3880130,Americas,43.59,1796.589032,6.3
Haiti,1967,4318137,Americas,46243,1452.057666,6.03
Haiti,1972,4698301,Americas,48042,1654.456946,5.64
Haiti,1977,4908554,Americas,49923,1874.298931,5.78
Haiti,1982,5198399,Americas,51461,2011.159549,6.15
Haiti,1987,5756203,Americas,53636,1823.015995,5.8
Haiti,1992,6326682,Americas,55089,1456.309517,5.21
Haiti,1997,6913545,Americas,56671,1341.726931,4.67
Haiti,2002,7607651,Americas,58137,1270.364932,4.07
Haiti,2007,8502814,Americas,60916,1201.637154,3.58
Honduras,1952,1517453,Americas,41912,2194.926204,7.5
Honduras,1957,1770390,Americas,44665,2220.487682,7.5
Honduras,1962,2090162,Americas,48041,2291.156835,7.44
Honduras,1967,2500689,Americas,50924,2538.269358,7.42
Honduras,1972,2965146,Americas,53884,2529.842345,7.11
Honduras,1977,3055235,Americas,57402,3203.208066,6.65
Honduras,1982,3669448,Americas,60909,3121.760794,6.06
Honduras,1987,4372203,Americas,64492,3023.096699,5.44
Honduras,1992,5077347,Americas,66399,3081.694603,4.95
Honduras,1997,5867957,Americas,67659,3160.454906,4.41
Honduras,2002,6677328,Americas,68565,3099.72866,3.82
Honduras,2007,7483763,Americas,70198,3548.330846,3.2
Hong Kong,1952,2125900,Asia,60.96,3054.421209,4.41
Hong Kong,1957,2736300,Asia,64.75,3629.076457,4.75
Hong Kong,1962,3305200,Asia,67.65,4692.648272,4.98
Hong Kong,1967,3722800,Asia,70,6197.962814,3.89
Hong Kong,1972,4115700,Asia,72,8315.928145,3.02
Hong Kong,1977,4583700,Asia,73.6,11186.14125,2.31
Hong Kong,1982,5264500,Asia,75.45,14560.53051,1.75
Hong Kong,1987,5584510,Asia,76.2,20038.47269,1.39
Hong Kong,1992,5829696,Asia,77601,24757.60301,1.25
Hong Kong,1997,6495918,Asia,80,28377.63219,1.08
Hong Kong,2002,6762476,Asia,81495,30209.01516,0.96
Hong Kong,2007,6980412,Asia,82208,39724.97867,1.02
Hungary,1952,9504000,Europe,64.03,5263.673816,2.72
Hungary,1957,9839000,Europe,66.41,6040.180011,2.34
Hungary,1962,10063000,Europe,67.96,7550.359877,1.88
Hungary,1967,10223422,Europe,69.5,9326.64467,1.92
Hungary,1972,10394091,Europe,69.76,10168.65611,2.06
Hungary,1977,10637171,Europe,69.95,11674.83737,2.2
Hungary,1982,10705535,Europe,69.39,12545.99066,1.89
Hungary,1987,10612740,Europe,69.58,12986.47998,1.81
Hungary,1992,10348684,Europe,69.17,10535.62855,1.74
Hungary,1997,10244684,Europe,71.04,11712.7768,1.43
Hungary,2002,10083313,Europe,72.59,14843.93556,1.29
Hungary,2007,9956108,Europe,73338,18008.94444,1.32
Iceland,1952,147962,Europe,72.49,7267.688428,3.82
Iceland,1957,165110,Europe,73.47,9244.001412,4.18
Iceland,1962,182053,Europe,73.68,10350.15906,3.98
Iceland,1967,198676,Europe,73.73,13319.89568,3.34
Iceland,1972,209275,Europe,74.46,15798.06362,2.88
Iceland,1977,221823,Europe,76.11,19654.96247,2.49
Iceland,1982,233997,Europe,76.99,23269.6075,2.23
Iceland,1987,244676,Europe,77.23,26923.20628,2.13
Iceland,1992,259012,Europe,78.77,25144.39201,2.17
Iceland,1997,271192,Europe,78.95,28061.09966,2.07
Iceland,2002,288030,Europe,80.5,31163.20196,2.01
Iceland,2007,301931,Europe,81757,36180.78919,2.1
India,1952,372000000,Asia,37373,546.5657493,5.9
India,1957,409000000,Asia,40249,590.061996,5.9
India,1962,454000000,Asia,43605,658.3471509,5.89
India,1967,506000000,Asia,47193,700.7706107,5.75
India,1972,567000000,Asia,50651,724.032527,5.44
India,1977,634000000,Asia,54208,813.337323,5.03
India,1982,708000000,Asia,56596,855.7235377,4.7
India,1987,788000000,Asia,58553,976.5126756,4.31
India,1992,872000000,Asia,60223,1164.406809,3.88
India,1997,959000000,Asia,61765,1458.817442,3.51
India,2002,1034172547,Asia,62879,1746.769454,3.18
India,2007,1110396331,Asia,64698,2452.210407,2.82
Indonesia,1952,82052000,Asia,37468,749.6816546,5.46
Indonesia,1957,90124000,Asia,39918,858.9002707,5.67
Indonesia,1962,99028000,Asia,42518,849.2897701,5.65
Indonesia,1967,109343000,Asia,45964,762.4317721,5.58
Indonesia,1972,121282000,Asia,49203,1111.107907,5.34
Indonesia,1977,136725000,Asia,52702,1382.702056,4.81
Indonesia,1982,153343000,Asia,56159,1516.872988,4.17
Indonesia,1987,169276000,Asia,60137,1748.356961,3.47
Indonesia,1992,184816000,Asia,62681,2383.140898,2.93
Indonesia,1997,199278000,Asia,66041,3119.335603,2.58
Indonesia,2002,211060000,Asia,68588,2873.91287,2.51
Indonesia,2007,223547000,Asia,70.65,3540.651564,2.51
Iran,1952,17272000,Asia,44869,3035.326002,6.91
Iran,1957,19792000,Asia,47181,3290.257643,6.92
Iran,1962,22874000,Asia,49325,4187.329802,6.91
Iran,1967,26538000,Asia,52469,5906.731805,6.7
Iran,1972,30614000,Asia,55234,9613.818607,6.29
Iran,1977,35480679,Asia,57702,11888.59508,6.29
Iran,1982,43072751,Asia,59.62,7608.334602,6.52
Iran,1987,51889696,Asia,63.04,6642.881371,5.76
Iran,1992,60397973,Asia,65742,7235.653188,4.14
Iran,1997,63327987,Asia,68042,8263.590301,2.73
Iran,2002,66907826,Asia,69451,9240.761975,2
Iran,2007,69453570,Asia,70964,11605.71449,1.79
Iraq,1952,5441766,Asia,45.32,4129.766056,7.44
Iraq,1957,6248643,Asia,48437,6229.333562,6.23
Iraq,1962,7240260,Asia,51457,8341.737815,6.51
Iraq,1967,8519282,Asia,54459,8931.459811,7.3
Iraq,1972,10061506,Asia,56.95,9576.037596,7.23
Iraq,1977,11882916,Asia,60413,14688.23507,6.83
Iraq,1982,14173318,Asia,62038,14517.90711,6.41
Iraq,1987,16543189,Asia,65044,11643.57268,6.11
Iraq,1992,17861905,Asia,59461,3745.640687,5.7
Iraq,1997,20775703,Asia,58811,3076.239795,5.22
Iraq,2002,24001816,Asia,57046,4390.717312,4.71
Iraq,2007,27499638,Asia,59545,4471.061906,4.55
Ireland,1952,2952156,Europe,66.91,5210.280328,3.41
Ireland,1957,2878220,Europe,68.9,5599.077872,3.57
Ireland,1962,2830000,Europe,70.29,6631.597314,3.98
Ireland,1967,2900100,Europe,71.08,7655.568963,3.86
Ireland,1972,3024400,Europe,71.28,9530.772896,3.79
Ireland,1977,3271900,Europe,72.03,11150.98113,3.34
Ireland,1982,3480000,Europe,73.1,12618.32141,2.79
Ireland,1987,3539900,Europe,74.36,13872.86652,2.23
Ireland,1992,3557761,Europe,75467,17558.81555,1.92
Ireland,1997,3667233,Europe,76122,24521.94713,1.92
Ireland,2002,3879155,Europe,77783,34077.04939,1.96
Ireland,2007,4109086,Europe,78885,40675.99635,1.99
Israel,1952,1620914,Asia,65.39,4086.522128,4.32
Israel,1957,1944401,Asia,67.84,5385.278451,3.92
Israel,1962,2310904,Asia,69.39,7105.630706,3.83
Israel,1967,2693585,Asia,70.75,8393.741404,3.8
Israel,1972,3095893,Asia,71.63,12786.93223,3.8
Israel,1977,3495918,Asia,73.06,13306.61921,3.51
Israel,1982,3858421,Asia,74.45,15367.0292,3.17
Israel,1987,4203148,Asia,75.6,17122.47986,3.06
Israel,1992,4936550,Asia,76.93,18051.52254,2.95
Israel,1997,5531387,Asia,78269,20896.60924,2.92
Israel,2002,6029529,Asia,79696,21905.59514,2.91
Israel,2007,6426679,Asia,80745,25523.2771,2.93
Italy,1952,47666000,Europe,65.94,4931.404155,2.37
Italy,1957,49182000,Europe,67.81,6248.656232,2.29
Italy,1962,50843200,Europe,69.24,8243.58234,2.47
Italy,1967,52667100,Europe,71.06,10022.40131,2.52
Italy,1972,54365564,Europe,72.19,12269.27378,2.35
Italy,1977,56059245,Europe,73.48,14255.98475,1.94
Italy,1982,56535636,Europe,74.98,16537.4835,1.55
Italy,1987,56729703,Europe,76.42,19207.23482,1.36
Italy,1992,56840847,Europe,77.44,22013.64486,1.27
Italy,1997,57479469,Europe,78.82,24675.02446,1.23
Italy,2002,57926999,Europe,80.24,27968.09817,1.29
Italy,2007,58147733,Europe,80546,28569.7197,1.4
Jamaica,1952,1426095,Americas,58.53,2898.530881,4.13
Jamaica,1957,1535090,Americas,62.61,4756.525781,5.02
Jamaica,1962,1665128,Americas,65.61,5246.107524,5.63
Jamaica,1967,1861096,Americas,67.51,6124.703451,5.79
Jamaica,1972,1997616,Americas,69,7433.889293,5.11
Jamaica,1977,2156814,Americas,70.11,6650.195573,4.12
Jamaica,1982,2298309,Americas,71.21,6068.05135,3.56
Jamaica,1987,2326606,Americas,71.77,6351.237495,3.14
Jamaica,1992,2378618,Americas,71766,7404.923685,2.86
Jamaica,1997,2531311,Americas,72262,7121.924704,2.7
Jamaica,2002,2664659,Americas,72047,6994.774861,2.48
Jamaica,2007,2780132,Americas,72567,7320.880262,2.29
Japan,1952,86459025,Asia,63.03,3216.956347,3.07
Japan,1957,91563009,Asia,65.5,4317.694365,2.21
Japan,1962,95831757,Asia,68.73,6576.649461,2.01
Japan,1967,100825279,Asia,71.43,9847.788607,2.04
Japan,1972,107188273,Asia,73.42,14778.78636,2.11
Japan,1977,113872473,Asia,75.38,16610.37701,1.89
Japan,1982,118454974,Asia,77.11,19384.10571,1.76
Japan,1987,122091325,Asia,78.67,22375.94189,1.66
Japan,1992,124329269,Asia,79.36,26824.89511,1.5
Japan,1997,125956499,Asia,80.69,28816.58499,1.37
Japan,2002,127065841,Asia,82,28604.5919,1.3
Japan,2007,127467972,Asia,82603,31656.06806,1.33
Jordan,1952,607914,Asia,43158,1546.907807,7.39
Jordan,1957,746559,Asia,45669,1886.080591,7.37
Jordan,1962,933559,Asia,48126,2348.009158,7.9
Jordan,1967,1255058,Asia,51629,2741.796252,8.03
Jordan,1972,1613551,Asia,56528,2110.856309,7.82
Jordan,1977,1937652,Asia,61134,2852.351568,7.46
Jordan,1982,2347031,Asia,63739,4161.415959,7.07
Jordan,1987,2820042,Asia,65869,4448.679912,6.15
Jordan,1992,3867409,Asia,68015,3431.593647,5.1
Jordan,1997,4526235,Asia,69772,3645.379572,4.35
Jordan,2002,5307470,Asia,71263,3844.917194,3.88
Jordan,2007,6053193,Asia,72535,4519.461171,3.71
Kenya,1952,6464046,Africa,42.27,853.540919,7.45
Kenya,1957,7454779,Africa,44686,944.4383152,7.76
Kenya,1962,8678557,Africa,47949,896.9663732,8.04
Kenya,1967,10191512,Africa,50654,1056.736457,8.13
Kenya,1972,12044785,Africa,53559,1222.359968,8.01
Kenya,1977,14500404,Africa,56155,1267.613204,7.7
Kenya,1982,17661452,Africa,58766,1348.225791,7.27
Kenya,1987,21198082,Africa,59339,1361.936856,6.6
Kenya,1992,25020539,Africa,59285,1341.921721,5.76
Kenya,1997,28263827,Africa,54407,1360.485021,5.35
Kenya,2002,31386842,Africa,50992,1287.514732,5.04
Kenya,2007,35610177,Africa,54.11,1463.249282,4.68
North Korea,1952,8865488,Asia,50056,1088.277758,3.25
North Korea,1957,9411381,Asia,54081,1571.134655,5.03
North Korea,1962,10917494,Asia,56656,1621.693598,4.17
North Korea,1967,12617009,Asia,59942,2143.540609,4.26
North Korea,1972,14781241,Asia,63983,3701.621503,4.05
North Korea,1977,16325320,Asia,67159,4106.301249,3.03
North Korea,1982,17647518,Asia,69.1,4106.525293,2.73
North Korea,1987,19067554,Asia,70647,4106.492315,2.43
North Korea,1992,20711375,Asia,69978,3726.063507,2.24
North Korea,1997,21585105,Asia,67727,1690.756814,2.04
North Korea,2002,22215365,Asia,66662,1646.758151,1.99
North Korea,2007,23301725,Asia,67297,1593.06548,2
Kuwait,1952,160000,Asia,55565,108382.3529,7.21
Kuwait,1957,212846,Asia,58033,113523.1329,7.2
Kuwait,1962,358266,Asia,60.47,95458.11176,7.31
Kuwait,1967,575003,Asia,64624,80894.88326,7.4
Kuwait,1972,841934,Asia,67712,109347867,6.84
Kuwait,1977,1140357,Asia,69343,59265.47714,5.77
Kuwait,1982,1497494,Asia,71309,31354.03573,5.02
Kuwait,1987,1891487,Asia,74174,28118.42998,3.78
Kuwait,1992,1418095,Asia,75.19,34932.91959,2.68
Kuwait,1997,1765345,Asia,76156,40300.61996,2.86
Kuwait,2002,2111561,Asia,76904,35110.10566,2.69
Kuwait,2007,2505559,Asia,77588,47306.98978,2.4
Lebanon,1952,1439529,Asia,55928,4834.804067,5.74
Lebanon,1957,1647412,Asia,59489,6089.786934,5.74
Lebanon,1962,1886848,Asia,62094,5714.560611,5.69
Lebanon,1967,2186894,Asia,63.87,6006.983042,5.3
Lebanon,1972,2680018,Asia,65421,7486.384341,4.73
Lebanon,1977,3115787,Asia,66099,8659.696836,4.27
Lebanon,1982,3086876,Asia,66983,7640.519521,3.8
Lebanon,1987,3089353,Asia,67926,5377.091329,3.28
Lebanon,1992,3219994,Asia,69292,6890.806854,2.84
Lebanon,1997,3430388,Asia,70265,8754.96385,2.47
Lebanon,2002,3677780,Asia,71028,9313.93883,2.04
Lebanon,2007,3921278,Asia,71993,10461.05868,1.63
Lesotho,1952,748747,Africa,42138,298.8462121,5.84
Lesotho,1957,813338,Africa,45047,335.9971151,5.86
Lesotho,1962,893143,Africa,47747,411.8006266,5.82
Lesotho,1967,996380,Africa,48492,498.6390265,5.8
Lesotho,1972,1116779,Africa,49767,496.5815922,5.8
Lesotho,1977,1251524,Africa,52208,745.3695408,5.71
Lesotho,1982,1411807,Africa,55078,797.2631074,5.49
Lesotho,1987,1599200,Africa,57.18,773.9932141,5.17
Lesotho,1992,1803195,Africa,59685,977.4862725,4.76
Lesotho,1997,1982823,Africa,55558,1186.147994,4.39
Lesotho,2002,2046772,Africa,44593,1275.184575,3.86
Lesotho,2007,2012649,Africa,42592,1569.331442,3.41
Liberia,1952,863308,Africa,38.48,575.5729961,6.26
Liberia,1957,975950,Africa,39486,620.9699901,6.34
Liberia,1962,1112796,Africa,40502,634.1951625,6.45
Liberia,1967,1279406,Africa,41536,713.6036483,6.58
Liberia,1972,1482628,Africa,42614,803.0054535,6.78
Liberia,1977,1703617,Africa,43764,640.3224383,6.93
Liberia,1982,1956875,Africa,44852,572.1995694,6.96
Liberia,1987,2269414,Africa,46027,506.1138573,6.75
Liberia,1992,1912974,Africa,40802,636.6229191,6.34
Liberia,1997,2200725,Africa,42221,609.1739508,6.06
Liberia,2002,2814651,Africa,43753,531.4823679,5.72
Liberia,2007,3193942,Africa,45678,414.5073415,5.28
Libya,1952,1019729,Africa,42723,2387.54806,7.19
Libya,1957,1201578,Africa,45289,3448.284395,7.22
Libya,1962,1441863,Africa,47808,6757.030816,7.31
Libya,1967,1759224,Africa,50227,18772.75169,7.91
Libya,1972,2183877,Africa,52773,21011.49721,8.14
Libya,1977,2721783,Africa,57442,21951.21176,7.74
Libya,1982,3344074,Africa,62155,17364.27538,6.83
Libya,1987,3799845,Africa,66234,11770.5898,5.79
Libya,1992,4364501,Africa,68755,9640.138501,4.38
Libya,1997,4759670,Africa,71555,9467.446056,3.27
Libya,2002,5368585,Africa,72737,9534.677467,2.67
Libya,2007,6036914,Africa,73952,12057.49928,2.44
Madagascar,1952,4762912,Africa,36681,1443.011715,7.3
Madagascar,1957,5181679,Africa,38865,1589.20275,7.3
Madagascar,1962,5703324,Africa,40848,1643.38711,7.3
Madagascar,1967,6334556,Africa,42881,1634.047282,7.3
Madagascar,1972,7082430,Africa,44851,1748.562982,7.22
Madagascar,1977,8007166,Africa,46881,1544.228586,6.98
Madagascar,1982,9171477,Africa,48969,1302.878658,6.55
Madagascar,1987,10568642,Africa,49.35,1155.441948,6.27
Madagascar,1992,12210395,Africa,52214,1040.67619,6.12
Madagascar,1997,14165114,Africa,54978,986.2958956,5.84
Madagascar,2002,16473477,Africa,57286,894.6370822,5.34
Madagascar,2007,19167654,Africa,59443,1044.770126,4.87
Malawi,1952,2917802,Africa,36256,369.1650802,6.82
Malawi,1957,3221238,Africa,37207,416.3698064,6.88
Malawi,1962,3628608,Africa,38.41,427.9010856,6.99
Malawi,1967,4147252,Africa,39487,495.5147806,7.18
Malawi,1972,4730997,Africa,41766,584.6219709,7.39
Malawi,1977,5637246,Africa,43767,663.2236766,7.59
Malawi,1982,6502825,Africa,45642,632.8039209,7.62
Malawi,1987,7824747,Africa,47457,635.5173634,7.29
Malawi,1992,10014249,Africa,49.42,563.2000145,6.68
Malawi,1997,10419991,Africa,47495,692.2758103,6.31
Malawi,2002,11824495,Africa,45009,665.4231186,6.05
Malawi,2007,13327079,Africa,48303,759.3499101,5.73
Malaysia,1952,6748378,Asia,48463,1831.132894,6.29
Malaysia,1957,7739235,Asia,52102,1810.066992,6.38
Malaysia,1962,8906385,Asia,55737,2036.884944,6.35
Malaysia,1967,10154878,Asia,59371,2277.742396,5.53
Malaysia,1972,11441462,Asia,63.01,2849.09478,4.76
Malaysia,1977,12845381,Asia,65256,3827.921571,4.25
Malaysia,1982,14441916,Asia,68,4920.355951,3.97
Malaysia,1987,16331785,Asia,69.5,5249.802653,3.7
Malaysia,1992,18319502,Asia,70693,7277.912802,3.47
Malaysia,1997,20476091,Asia,71938,10132.90964,3.15
Malaysia,2002,22662365,Asia,73044,10206.97794,2.54
Malaysia,2007,24821286,Asia,74241,12451.6558,2.22
Mali,1952,3838168,Africa,33685,452.3369807,6.73
Mali,1957,4241884,Africa,35307,490.3821867,6.89
Mali,1962,4690372,Africa,36936,496.1743428,6.99
Mali,1967,5212416,Africa,38487,545.0098873,7.09
Mali,1972,5828158,Africa,39977,581.3688761,7.15
Mali,1977,6491649,Africa,41714,686.3952693,7.15
Mali,1982,6998256,Africa,43916,618.0140641,7.15
Mali,1987,7634008,Africa,46364,684.1715576,7.16
Mali,1992,8416215,Africa,48388,739.014375,7.15
Mali,1997,9384984,Africa,49903,790.2579846,6.98
Mali,2002,10580176,Africa,51818,951.4097518,6.86
Mali,2007,12031795,Africa,54467,1042.581557,6.72
Mauritania,1952,1022556,Africa,40543,743.1159097,6.3
Mauritania,1957,1076852,Africa,42338,846.1202613,6.69
Mauritania,1962,1146757,Africa,44248,1055.896036,6.79
Mauritania,1967,1230542,Africa,46289,1421.145193,6.8
Mauritania,1972,1332786,Africa,48437,1586.851781,6.76
Mauritania,1977,1456688,Africa,50852,1497.492223,6.6
Mauritania,1982,1622136,Africa,53599,1481.150189,6.37
Mauritania,1987,1841240,Africa,56145,1421.603576,6.17
Mauritania,1992,2119465,Africa,58333,1361.369784,5.94
Mauritania,1997,2444741,Africa,60.43,1483.136136,5.64
Mauritania,2002,2828858,Africa,62247,1579.019543,5.34
Mauritania,2007,3270065,Africa,64164,1803.151496,5.1
Mauritius,1952,516556,Africa,50986,1967.955707,5.9
Mauritius,1957,609816,Africa,58089,2034.037981,5.94
Mauritius,1962,701016,Africa,60246,2529.067487,6.12
Mauritius,1967,789309,Africa,61557,2475.387562,4.85
Mauritius,1972,851334,Africa,62944,2575.484158,3.58
Mauritius,1977,913025,Africa,64.93,3710.982963,3.07
Mauritius,1982,992040,Africa,66711,3688.037739,2.41
Mauritius,1987,1042663,Africa,68.74,4783.586903,2.27
Mauritius,1992,1096202,Africa,69745,6058.253846,2.25
Mauritius,1997,1149818,Africa,70736,7425.705295,2.07
Mauritius,2002,1200206,Africa,71954,9021.815894,1.94
Mauritius,2007,1250882,Africa,72801,10956.99112,1.72
Mexico,1952,30144317,Americas,50789,3478.125529,6.72
Mexico,1957,35015548,Americas,55.19,4131.546641,6.78
Mexico,1962,41121485,Americas,58299,4581.609385,6.76
Mexico,1967,47995559,Americas,60.11,5754.733883,6.79
Mexico,1972,55984294,Americas,62361,6809.40669,6.7
Mexico,1977,63759976,Americas,65032,7674.929108,5.59
Mexico,1982,71640904,Americas,67405,9611.147541,4.46
Mexico,1987,80122492,Americas,69498,8688.156003,3.79
Mexico,1992,88111030,Americas,71455,9472.384295,3.27
Mexico,1997,95895146,Americas,73.67,9767.29753,2.88
Mexico,2002,102479927,Americas,74902,10742.44053,2.62
Mexico,2007,108700891,Americas,76195,11977.57496,2.42
Mongolia,1952,800663,Asia,42244,786.5668575,5.54
Mongolia,1957,882134,Asia,45248,912.6626085,6.25
Mongolia,1962,1010280,Asia,48251,1056.353958,7.35
Mongolia,1967,1149500,Asia,51253,1226.04113,7.59
Mongolia,1972,1320500,Asia,53754,1421.741975,7.5
Mongolia,1977,1528000,Asia,55491,1647.511665,6.78
Mongolia,1982,1756032,Asia,57489,2000.603139,5.86
Mongolia,1987,2015133,Asia,60222,2338.008304,4.91
Mongolia,1992,2312802,Asia,61271,1785.402016,3.45
Mongolia,1997,2494803,Asia,63625,1902.2521,2.43
Mongolia,2002,2674234,Asia,65033,2140.739323,2.08
Mongolia,2007,2874127,Asia,66803,3095.772271,2.33
Montenegro,1952,413834,Europe,59164,2647.585601,4.24
Montenegro,1957,442829,Europe,61448,3682.259903,3.84
Montenegro,1962,474528,Europe,63728,4649.593785,3.44
Montenegro,1967,501035,Europe,67178,5907.850937,2.95
Montenegro,1972,527678,Europe,70636,7778.414017,2.62
Montenegro,1977,560073,Europe,73066,9595.929905,2.34
Montenegro,1982,562548,Europe,74101,11222.58762,2.21
Montenegro,1987,569473,Europe,74865,11732.51017,2.12
Montenegro,1992,621621,Europe,75435,7003.339037,2.05
Montenegro,1997,692651,Europe,75445,6465.613349,1.93
Montenegro,2002,720230,Europe,73981,6557.194282,1.86
Montenegro,2007,684736,Europe,74543,9253.896111,1.82
Morocco,1952,9939217,Africa,42873,1688.20357,6.58
Morocco,1957,11406350,Africa,45423,1642.002314,6.89
Morocco,1962,13056604,Africa,47924,1566.353493,7.09
Morocco,1967,14770296,Africa,50335,1711.04477,6.9
Morocco,1972,16660670,Africa,52862,1930.194975,6.46
Morocco,1977,18396941,Africa,55.73,2370.619976,5.97
Morocco,1982,20198730,Africa,59.65,2702.620356,5.44
Morocco,1987,22987397,Africa,62677,2755.046991,4.57
Morocco,1992,25798239,Africa,65393,2948.047252,3.75
Morocco,1997,28529501,Africa,67.66,2982.101858,3.04
Morocco,2002,31167783,Africa,69615,3258.495584,2.68
Morocco,2007,33757175,Africa,71164,3820.17523,2.56
Mozambique,1952,6446316,Africa,31286,468.5260381,6.81
Mozambique,1957,7038035,Africa,33779,495.5868333,6.93
Mozambique,1962,7788944,Africa,36161,556.6863539,6.92
Mozambique,1967,8680909,Africa,38113,566.6691539,6.86
Mozambique,1972,9809596,Africa,40328,724.9178037,6.8
Mozambique,1977,11127868,Africa,42495,502.3197334,6.59
Mozambique,1982,12587223,Africa,42795,462.2114149,6.41
Mozambique,1987,12891952,Africa,42861,389.8761846,6.31
Mozambique,1992,13160731,Africa,44284,410.8968239,6.12
Mozambique,1997,16603334,Africa,46344,472.3460771,5.88
Mozambique,2002,18473780,Africa,44026,633.6179466,5.8
Mozambique,2007,19951656,Africa,42082,823.6856205,5.67
Myanmar,1952,20092996,Asia,36319,331,6
Myanmar,1957,21731844,Asia,41905,350,6
Myanmar,1962,23634436,Asia,45108,388,6.1
Myanmar,1967,25870271,Asia,49379,349,6.11
Myanmar,1972,28466390,Asia,53.07,357,5.79
Myanmar,1977,31528087,Asia,56059,371,5.23
Myanmar,1982,34680442,Asia,58056,424,4.69
Myanmar,1987,38028578,Asia,58339,385,3.89
Myanmar,1992,40546538,Asia,59.32,347,3.24
Myanmar,1997,43247867,Asia,60328,415,2.97
Myanmar,2002,45598081,Asia,59908,611,2.87
Myanmar,2007,47761980,Asia,62069,944,2.59
Namibia,1952,485831,Africa,41725,2423.780443,5.99
Namibia,1957,548080,Africa,45226,2621.448058,6.09
Namibia,1962,621392,Africa,48386,3173.215595,6.18
Namibia,1967,706640,Africa,51159,3793.694753,6.3
Namibia,1972,821782,Africa,53867,3746.080948,6.57
Namibia,1977,977026,Africa,56437,3876.485958,6.62
Namibia,1982,1099010,Africa,58968,4191.100511,6.26
Namibia,1987,1278184,Africa,60835,3693.731337,5.63
Namibia,1992,1554253,Africa,61999,3804.537999,4.97
Namibia,1997,1774766,Africa,58909,3899.52426,4.35
Namibia,2002,1972153,Africa,51479,4072.324751,3.84
Namibia,2007,2055080,Africa,52906,4811.060429,3.62
Nepal,1952,9182536,Asia,36157,545.8657229,5.97
Nepal,1957,9682338,Asia,37686,597.9363558,5.97
Nepal,1962,10332057,Asia,39393,652.3968593,5.96
Nepal,1967,11261690,Asia,41472,676.4422254,5.96
Nepal,1972,12412593,Asia,43971,674.7881296,5.88
Nepal,1977,13933198,Asia,46748,694.1124398,5.8
Nepal,1982,15796314,Asia,49594,718.3730947,5.65
Nepal,1987,17917180,Asia,52537,775.6324501,5.37
Nepal,1992,20326209,Asia,55727,897.7403604,5.02
Nepal,1997,23001113,Asia,59426,1010.892138,4.47
Nepal,2002,25873917,Asia,61.34,1057.206311,3.72
Nepal,2007,28901790,Asia,63785,1091.359778,3.01
Netherlands,1952,10381988,Europe,72.13,8941.571858,3.09
Netherlands,1957,11026383,Europe,72.99,11276.19344,3.08
Netherlands,1962,11805689,Europe,73.23,12790.84956,3.18
Netherlands,1967,12596822,Europe,73.82,15363.25136,2.81
Netherlands,1972,13329874,Europe,73.75,18794.74567,2.15
Netherlands,1977,13852989,Europe,75.24,21209.0592,1.58
Netherlands,1982,14310401,Europe,76.05,21399.46046,1.5
Netherlands,1987,14665278,Europe,76.83,23651.32361,1.56
Netherlands,1992,15174244,Europe,77.42,26790.94961,1.59
Netherlands,1997,15604464,Europe,78.03,30246.13063,1.56
Netherlands,2002,16122830,Europe,78.53,33724.75778,1.73
Netherlands,2007,16570613,Europe,79762,36797.93332,1.72
New Zealand,1952,1994794,Oceania,69.39,10556.57566,3.32
New Zealand,1957,2229407,Oceania,70.26,12247.39532,3.51
New Zealand,1962,2488550,Oceania,71.24,13175678,3.51
New Zealand,1967,2728150,Oceania,71.52,14463.91893,3
New Zealand,1972,2929100,Oceania,71.89,16046.03728,2.9
New Zealand,1977,3164900,Oceania,72.22,16233.7177,2.32
New Zealand,1982,3210650,Oceania,73.84,17632.4104,2.1
New Zealand,1987,3317166,Oceania,74.32,19007.19129,2.24
New Zealand,1992,3437674,Oceania,76.33,18363.32494,2.31
New Zealand,1997,3676187,Oceania,77.55,21050.41377,2.05
New Zealand,2002,3908037,Oceania,79.11,23189.80135,1.95
New Zealand,2007,4115771,Oceania,80204,25185.00911,2.11
Nicaragua,1952,1165790,Americas,42314,3112.363948,7.16
Nicaragua,1957,1358828,Americas,45432,3457.415947,7.5
Nicaragua,1962,1590597,Americas,48632,3634.364406,7.18
Nicaragua,1967,1865490,Americas,51884,4643.393534,6.96
Nicaragua,1972,2182908,Americas,55151,4688.593267,6.81
Nicaragua,1977,2554598,Americas,57.47,5486.371089,6.42
Nicaragua,1982,2979423,Americas,59298,3470.338156,5.9
Nicaragua,1987,3344353,Americas,62008,2955.984375,5.1
Nicaragua,1992,4017939,Americas,65843,2170.151724,4.27
Nicaragua,1997,4609572,Americas,68426,2253.023004,3.47
Nicaragua,2002,5146848,Americas,70836,2474.548819,2.89
Nicaragua,2007,5675356,Americas,72899,2749.320965,2.57
Niger,1952,3379468,Africa,37444,761.879376,7.1
Niger,1957,3692184,Africa,38598,835.5234025,7.31
Niger,1962,4076008,Africa,39487,997.7661127,7.49
Niger,1967,4534062,Africa,40118,1054.384891,7.54
Niger,1972,5060262,Africa,40546,954.2092363,7.6
Niger,1977,5682086,Africa,41291,808.8970728,7.74
Niger,1982,6437188,Africa,42598,909.7221354,7.88
Niger,1987,7332638,Africa,44555,668.3000228,7.82
Niger,1992,8392818,Africa,47391,581.182725,7.75
Niger,1997,9666252,Africa,51313,580.3052092,7.71
Niger,2002,11140655,Africa,54496,601.0745012,7.66
Niger,2007,12894865,Africa,56867,619.6768924,7.57
Nigeria,1952,33119096,Africa,36324,1077.281856,6.35
Nigeria,1957,37173340,Africa,37802,1100.592563,6.35
Nigeria,1962,41871351,Africa,39.36,1150.927478,6.35
Nigeria,1967,47287752,Africa,41.04,1014.514104,6.36
Nigeria,1972,53740085,Africa,42821,1698.388838,6.58
Nigeria,1977,62209173,Africa,44514,1981.951806,6.76
Nigeria,1982,73039376,Africa,45826,1576.97375,6.77
Nigeria,1987,81551520,Africa,46886,1385.029563,6.63
Nigeria,1992,93364244,Africa,47472,1619.848217,6.4
Nigeria,1997,106207839,Africa,47464,1624.941275,6.19
Nigeria,2002,119901274,Africa,46608,1615.286395,6.06
Nigeria,2007,135031164,Africa,46859,2013.977305,5.93
Norway,1952,3327728,Europe,72.67,10095.42172,2.61
Norway,1957,3491938,Europe,73.44,11653.97304,2.86
Norway,1962,3638919,Europe,73.47,13450.40151,2.89
Norway,1967,3786019,Europe,74.08,16361.87647,2.8
Norway,1972,3933004,Europe,74.34,18965.05551,2.38
Norway,1977,4043205,Europe,75.37,23311.34939,1.75
Norway,1982,4114787,Europe,75.97,26298.63531,1.71
Norway,1987,4186147,Europe,75.89,31540.9748,1.75
Norway,1992,4286357,Europe,77.32,33965.66115,1.88
Norway,1997,4405672,Europe,78.32,41283.16433,1.86
Norway,2002,4535591,Europe,79.05,44683.97525,1.75
Norway,2007,4627926,Europe,80196,49357.19017,1.9
Oman,1952,507833,Asia,37578,1828.230307,7.25
Oman,1957,561977,Asia,40.08,2242.746551,7.25
Oman,1962,628164,Asia,43165,2924.638113,7.25
Oman,1967,714775,Asia,46988,4720.942687,7.28
Oman,1972,829050,Asia,52143,10618.03855,7.41
Oman,1977,1004533,Asia,57367,11848.34392,8.02
Oman,1982,1301048,Asia,62728,12954.79101,8.35
Oman,1987,1593882,Asia,67734,18115.22313,7.93
Oman,1992,1915208,Asia,71197,18616.70691,6.47
Oman,1997,2283635,Asia,72499,19702.05581,4.63
Oman,2002,2713462,Asia,74193,19774.83687,3.29
Oman,2007,3204897,Asia,75.64,22316.19287,2.89
Pakistan,1952,41346560,Asia,43436,684.5971438,6.6
Pakistan,1957,46679944,Asia,45557,747.0835292,6.6
Pakistan,1962,53100671,Asia,47.67,803.3427418,6.6
Pakistan,1967,60641899,Asia,49.8,942.4082588,6.6
Pakistan,1972,69325921,Asia,51929,1049.938981,6.61
Pakistan,1977,78152686,Asia,54043,1175.921193,6.6
Pakistan,1982,91462088,Asia,56158,1443.429832,6.48
Pakistan,1987,105186881,Asia,58245,1704.686583,6.31
Pakistan,1992,120065004,Asia,60838,1971.829464,5.76
Pakistan,1997,135564834,Asia,61818,2049.350521,5.05
Pakistan,2002,153403524,Asia,63.61,2092.712441,4.31
Pakistan,2007,169270617,Asia,65483,2605.94758,3.98
Panama,1952,940080,Americas,55191,2480.380334,5.75
Panama,1957,1063506,Americas,59201,2961.800905,5.88
Panama,1962,1215725,Americas,61817,3536.540301,5.81
Panama,1967,1405486,Americas,64071,4421.009084,5.47
Panama,1972,1616384,Americas,66216,5364.249663,4.94
Panama,1977,1839782,Americas,68681,5351.912144,4.26
Panama,1982,2036305,Americas,70472,7009.601598,3.68
Panama,1987,2253639,Americas,71523,7034.779161,3.26
Panama,1992,2484997,Americas,72462,6618.74305,2.95
Panama,1997,2734531,Americas,73738,7113.692252,2.81
Panama,2002,2990875,Americas,74712,7356.031934,2.7
Panama,2007,3242173,Americas,75537,9809.185636,2.64
Paraguay,1952,1555876,Americas,62649,1952.308701,6.5
Paraguay,1957,1770902,Americas,63196,2046.154706,6.51
Paraguay,1962,2009813,Americas,64361,2148.027146,6.47
Paraguay,1967,2287985,Americas,64951,2299.376311,6.17
Paraguay,1972,2614104,Americas,65815,2523.337977,5.46
Paraguay,1977,2984494,Americas,66353,3248.373311,5.19
Paraguay,1982,3366439,Americas,66874,4258.503604,5.13
Paraguay,1987,3886512,Americas,67378,3998.875695,4.82
Paraguay,1992,4483945,Americas,68225,4196.411078,4.37
Paraguay,1997,5154123,Americas,69.4,4247.400261,3.91
Paraguay,2002,5884491,Americas,70755,3783.674243,3.32
Paraguay,2007,6667147,Americas,71752,4172.838464,2.91
Peru,1952,8025700,Americas,43902,3758.523437,6.9
Peru,1957,9146100,Americas,46263,4245.256698,6.94
Peru,1962,10516500,Americas,49096,4957.037982,6.96
Peru,1967,12132200,Americas,51445,5788.09333,6.73
Peru,1972,13954700,Americas,55448,5937.827283,6.1
Peru,1977,15990099,Americas,58447,6281.290855,5.45
Peru,1982,18125129,Americas,61406,6434.501797,4.73
Peru,1987,20195924,Americas,64134,6360.943444,4.14
Peru,1992,22430449,Americas,66458,4446.380924,3.62
Peru,1997,24748122,Americas,68386,5838.347657,3.14
Peru,2002,26769436,Americas,69906,5909.020073,2.82
Peru,2007,28674757,Americas,71421,7408.905561,2.62
Philippines,1952,22438691,Asia,47752,1272.880995,6.99
Philippines,1957,26072194,Asia,51334,1547.944844,7.2
Philippines,1962,30325264,Asia,54757,1649.552153,7.02
Philippines,1967,35356600,Asia,56393,1814.12743,6.59
Philippines,1972,40850141,Asia,58065,1989.37407,6.04
Philippines,1977,46850962,Asia,60.06,2373.204287,5.51
Philippines,1982,53456774,Asia,62082,2603.273765,4.98
Philippines,1987,60017788,Asia,64151,2189.634995,4.55
Philippines,1992,67185766,Asia,66458,2279.324017,4.18
Philippines,1997,75012988,Asia,68564,2536.534925,3.92
Philippines,2002,82995088,Asia,70303,2650.921068,3.71
Philippines,2007,91077287,Asia,71688,3190.481016,3.35
Poland,1952,25730551,Europe,61.31,4029.329699,3.64
Poland,1957,28235346,Europe,65.77,4734.253019,3.47
Poland,1962,30329617,Europe,67.64,5338.752143,2.82
Poland,1967,31785378,Europe,69.61,6557.152776,2.35
Poland,1972,33039545,Europe,70.85,8006.506993,2.23
Poland,1977,34621254,Europe,70.67,9508.141454,2.23
Poland,1982,36227381,Europe,71.32,8451.531004,2.3
Poland,1987,37740710,Europe,70.98,9082.351172,2.2
Poland,1992,38370697,Europe,70.99,7738.881247,1.97
Poland,1997,38654957,Europe,72.75,10159.58368,1.56
Poland,2002,38625976,Europe,74.67,12002.23908,1.28
Poland,2007,38518241,Europe,75563,15389.92468,1.34
Portugal,1952,8526050,Europe,59.82,3068.319867,3.1
Portugal,1957,8817650,Europe,61.51,3774.571743,3.12
Portugal,1962,9019800,Europe,64.39,4727.954889,3.19
Portugal,1967,9103000,Europe,66.6,6361.517993,3.13
Portugal,1972,8970450,Europe,69.26,9022.247417,2.88
Portugal,1977,9662600,Europe,70.41,10172.48572,2.57
Portugal,1982,9859650,Europe,72.77,11753.84291,2.07
Portugal,1987,9915289,Europe,74.06,13039.30876,1.65
Portugal,1992,9927680,Europe,74.86,16207.26663,1.48
Portugal,1997,10156415,Europe,75.97,17641.03156,1.45
Portugal,2002,10433867,Europe,77.29,19970.90787,1.45
Portugal,2007,10642836,Europe,78098,20509.64777,1.38
Puerto Rico,1952,2227000,Americas,64.28,3081.959785,4.98
Puerto Rico,1957,2260000,Americas,68.54,3907.156189,4.87
Puerto Rico,1962,2448046,Americas,69.62,5108.34463,4.41
Puerto Rico,1967,2648961,Americas,71.1,6929.277714,3.53
Puerto Rico,1972,2847132,Americas,72.16,9123.041742,3.01
Puerto Rico,1977,3080828,Americas,73.44,9770.524921,2.77
Puerto Rico,1982,3279001,Americas,73.75,10330.98915,2.49
Puerto Rico,1987,3444468,Americas,74.63,12281.34191,2.28
Puerto Rico,1992,3585176,Americas,73911,14641.58711,2.18
Puerto Rico,1997,3759430,Americas,74917,16999.4333,2.01
Puerto Rico,2002,3859606,Americas,77778,18855.60618,1.86
Puerto Rico,2007,3942491,Americas,78746,19328.70901,1.73
Reunion,1952,257700,Africa,52724,2718.885295,6.97
Reunion,1957,308700,Africa,55.09,2769.451844,6.62
Reunion,1962,358900,Africa,57666,3173.72334,6.57
Reunion,1967,414024,Africa,60542,4021.175739,5.77
Reunion,1972,461633,Africa,64274,5047.658563,4.1
Reunion,1977,492095,Africa,67064,4319.804067,3.13
Reunion,1982,517810,Africa,69885,5267.219353,2.8
Reunion,1987,562035,Africa,71913,5303.377488,2.7
Reunion,1992,622191,Africa,73615,6101.255823,2.44
Reunion,1997,684810,Africa,74772,6071.941411,2.33
Reunion,2002,743981,Africa,75744,6316.1652,2.42
Reunion,2007,798094,Africa,76442,7670.122558,2.42
Romania,1952,16630000,Europe,61.05,3144.613186,3.31
Romania,1957,17829327,Europe,64.1,3943.370225,2.73
Romania,1962,18680721,Europe,66.8,4734.997586,2.22
Romania,1967,19284814,Europe,66.8,6470.866545,2.71
Romania,1972,20662648,Europe,69.21,8011.414402,2.73
Romania,1977,21658597,Europe,69.46,9356.39724,2.54
Romania,1982,22356726,Europe,69.66,9605.314053,2.32
Romania,1987,22686371,Europe,69.53,9696.273295,2.19
Romania,1992,22797027,Europe,69.36,6598.409903,1.61
Romania,1997,22562458,Europe,69.72,7346.547557,1.32
Romania,2002,22404337,Europe,71322,7885.360081,1.32
Romania,2007,22276056,Europe,72476,10808.47561,1.43
Rwanda,1952,2534927,Africa,40,493.3238752,7.98
Rwanda,1957,2822082,Africa,41.5,540.2893983,8.14
Rwanda,1962,3051242,Africa,43,597.4730727,8.2
Rwanda,1967,3451079,Africa,44.1,510.9637142,8.2
Rwanda,1972,3992121,Africa,44.6,590.5806638,8.28
Rwanda,1977,4657072,Africa,45,670.0806011,8.43
Rwanda,1982,5507565,Africa,46218,881.5706467,8.41
Rwanda,1987,6349365,Africa,44.02,847.991217,7.86
Rwanda,1992,7290203,Africa,23599,737.0685949,6.71
Rwanda,1997,7212583,Africa,36087,589.9445051,5.94
Rwanda,2002,7852401,Africa,43413,785.6537648,5.45
Rwanda,2007,8860588,Africa,46242,863.0884639,4.9
Sao Tome and Principe,1952,60011,Africa,46471,879.5835855,6.2
Sao Tome and Principe,1957,61325,Africa,48945,860.7369026,6.2
Sao Tome and Principe,1962,65345,Africa,51893,1071.551119,6.28
Sao Tome and Principe,1967,70787,Africa,54425,1384.840593,6.39
Sao Tome and Principe,1972,76595,Africa,56.48,1532.985254,6.51
Sao Tome and Principe,1977,86796,Africa,58.55,1737.561657,6.5
Sao Tome and Principe,1982,98593,Africa,60351,1890.218117,6.28
Sao Tome and Principe,1987,110812,Africa,61728,1516.525457,5.99
Sao Tome and Principe,1992,125911,Africa,62742,1428.777814,5.71
Sao Tome and Principe,1997,145608,Africa,63306,1339.076036,5.44
Sao Tome and Principe,2002,170372,Africa,64337,1353.09239,5.17
Sao Tome and Principe,2007,199579,Africa,65528,1598.435089,4.93
Saudi Arabia,1952,4005677,Asia,39875,6459.554823,7.18
Saudi Arabia,1957,4419650,Asia,42868,8157.591248,7.17
Saudi Arabia,1962,4943029,Asia,45914,11626.41975,7.24
Saudi Arabia,1967,5618198,Asia,49901,16903.04886,7.26
Saudi Arabia,1972,6472756,Asia,53886,24837.42865,7.3
Saudi Arabia,1977,8128505,Asia,58.69,34167.7626,7.3
Saudi Arabia,1982,11254672,Asia,63012,33693.17525,7.05
Saudi Arabia,1987,14619745,Asia,66295,21198.26136,6.34
Saudi Arabia,1992,16945857,Asia,68768,24841.61777,5.59
Saudi Arabia,1997,21229759,Asia,70533,20586.69019,4.53
Saudi Arabia,2002,24501530,Asia,71626,19014.54118,3.71
Saudi Arabia,2007,27601038,Asia,72777,21654.83194,3.24
Senegal,1952,2755589,Africa,37278,1450.356983,6.68
Senegal,1957,3054547,Africa,39329,1567.653006,6.87
Senegal,1962,3430243,Africa,41454,1654.988723,7.08
Senegal,1967,3965841,Africa,43563,1612.404632,7.24
Senegal,1972,4588696,Africa,45815,1597.712056,7.3
Senegal,1977,5260855,Africa,48879,1561.769116,7.3
Senegal,1982,6147783,Africa,52379,1518.479984,7.27
Senegal,1987,7171347,Africa,55769,1441.72072,6.85
Senegal,1992,8307920,Africa,58196,1367.899369,6.32
Senegal,1997,9535314,Africa,60187,1392.368347,5.77
Senegal,2002,10870037,Africa,61.6,1519.635262,5.31
Senegal,2007,12267493,Africa,63062,1712.472136,5.11
Serbia,1952,6860147,Europe,57996,3581.459448,3.29
Serbia,1957,7271135,Europe,61685,4981.090891,2.63
Serbia,1962,7616060,Europe,64531,6289.629157,2.48
Serbia,1967,7971222,Europe,66914,7991.707066,2.44
Serbia,1972,8313288,Europe,68.7,10522.06749,2.37
Serbia,1977,8686367,Europe,70.3,12980.66956,2.37
Serbia,1982,9032824,Europe,70162,15181.0927,2.33
Serbia,1987,9230783,Europe,71218,15870.87851,2.24
Serbia,1992,9826397,Europe,71659,9325.068238,2
Serbia,1997,10336594,Europe,72232,7914.320304,1.84
Serbia,2002,10111559,Europe,73213,7236.075251,1.72
Serbia,2007,10150265,Europe,74002,9786.534714,1.6
Sierra Leone,1952,2143249,Africa,30331,879.7877358,5.9
Sierra Leone,1957,2295678,Africa,31.57,1004.484437,6
Sierra Leone,1962,2467895,Africa,32767,1116.639877,6.22
Sierra Leone,1967,2662190,Africa,34113,1206.043465,6.4
Sierra Leone,1972,2879013,Africa,35.4,1353.759762,6.55
Sierra Leone,1977,3140897,Africa,36788,1348.285159,6.64
Sierra Leone,1982,3464522,Africa,38445,1465.010784,6.72
Sierra Leone,1987,3868905,Africa,40006,1294.447788,6.73
Sierra Leone,1992,4260884,Africa,38333,1068.696278,6.7
Sierra Leone,1997,4578212,Africa,39897,574.6481576,6.51
Sierra Leone,2002,5359092,Africa,41012,699.489713,6.16
Sierra Leone,2007,6144562,Africa,42568,862.5407561,5.62
Singapore,1952,1127000,Asia,60396,2315.138227,6.62
Singapore,1957,1445929,Asia,63179,2843.104409,6.42
Singapore,1962,1750200,Asia,65798,3674.735572,5.27
Singapore,1967,1977600,Asia,67946,4977.41854,3.82
Singapore,1972,2152400,Asia,69521,8597.756202,2.84
Singapore,1977,2325300,Asia,70795,11210.08948,1.95
Singapore,1982,2651869,Asia,71.76,15169.16112,1.74
Singapore,1987,2794552,Asia,73.56,18861.53081,1.62
Singapore,1992,3235865,Asia,75788,24769.8912,1.72
Singapore,1997,3802309,Asia,77158,33519.4766,1.61
Singapore,2002,4197776,Asia,78.77,36023.1054,1.37
Singapore,2007,4553009,Asia,79972,47143.17964,1.29
Slovak Republic,1952,3558137,Europe,64.36,5074.659104,3.53
Slovak Republic,1957,3844277,Europe,67.45,6093.26298,3.27
Slovak Republic,1962,4237384,Europe,70.33,7481.107598,2.94
Slovak Republic,1967,4442238,Europe,70.98,8412.902397,2.58
Slovak Republic,1972,4593433,Europe,70.35,9674.167626,2.5
Slovak Republic,1977,4827803,Europe,70.45,10922.66404,2.47
Slovak Republic,1982,5048043,Europe,70.8,11348.54585,2.3
Slovak Republic,1987,5199318,Europe,71.08,12037.26758,2.17
Slovak Republic,1992,5302888,Europe,71.38,9498.467723,1.89
Slovak Republic,1997,5383010,Europe,72.71,12126.23065,1.45
Slovak Republic,2002,5410052,Europe,73.8,13638.77837,1.23
Slovak Republic,2007,5447502,Europe,74663,18678.31435,1.29
Slovenia,1952,1489518,Europe,65.57,4215.041741,2.67
Slovenia,1957,1533070,Europe,67.85,5862.276629,2.39
Slovenia,1962,1582962,Europe,69.15,7402.303395,2.33
Slovenia,1967,1646912,Europe,69.18,9405.489397,2.27
Slovenia,1972,1694510,Europe,69.82,12383.4862,2.21
Slovenia,1977,1746919,Europe,70.97,15277.03017,2.17
Slovenia,1982,1861252,Europe,71063,17866.72175,1.96
Slovenia,1987,1945870,Europe,72.25,18678.53492,1.67
Slovenia,1992,1999210,Europe,73.64,14214.71681,1.37
Slovenia,1997,2011612,Europe,75.13,17161.10735,1.24
Slovenia,2002,2011497,Europe,76.66,20660.01936,1.22
Slovenia,2007,2009245,Europe,77926,25768.25759,1.4
Somalia,1952,2526994,Africa,32978,1135.749842,7.25
Somalia,1957,2780415,Africa,34977,1258.147413,7.25
Somalia,1962,3080153,Africa,36981,1369.488336,7.26
Somalia,1967,3428839,Africa,38977,1284.73318,7.25
Somalia,1972,3840161,Africa,40973,1254.576127,7.12
Somalia,1977,4353666,Africa,41974,1450.992513,7.01
Somalia,1982,5828892,Africa,42955,1176.807031,7.05
Somalia,1987,6921858,Africa,44501,1093.244963,7.24
Somalia,1992,6099799,Africa,39658,926.9602964,7.51
Somalia,1997,6633514,Africa,43795,930.5964284,7.69
Somalia,2002,7753310,Africa,45936,882.0818218,7.51
Somalia,2007,9118773,Africa,48159,926.1410683,7.14
South Africa,1952,14264935,Africa,45009,4725.295531,6.31
South Africa,1957,16151549,Africa,47985,5487.104219,6.22
South Africa,1962,18356657,Africa,49951,5768.729717,6.08
South Africa,1967,20997321,Africa,51927,7114.477971,5.81
South Africa,1972,23935810,Africa,53696,7765.962636,5.54
South Africa,1977,27129932,Africa,55527,8028.651439,5.11
South Africa,1982,31140029,Africa,58161,8568.266228,4.65
South Africa,1987,35933379,Africa,60834,7825.823398,4.06
South Africa,1992,39964159,Africa,61888,7225.069258,3.41
South Africa,1997,42835005,Africa,60236,7479.188244,2.97
South Africa,2002,44433622,Africa,53365,7710.946444,2.76
South Africa,2007,43997828,Africa,49339,9269.657808,2.64
South Korea,1952,20947571,Asia,47453,1030.592226,5.25
South Korea,1957,22611552,Asia,52681,1487.593537,6.33
South Korea,1962,26420307,Asia,55292,1536.344387,5.74
South Korea,1967,30131000,Asia,57716,2029.228142,4.77
South Korea,1972,33505000,Asia,62612,3030.87665,4.04
South Korea,1977,36436000,Asia,64766,4657.22102,3.05
South Korea,1982,39326000,Asia,67123,5622.942464,2.26
South Korea,1987,41622000,Asia,69.81,8533.088805,1.65
South Korea,1992,43805450,Asia,72244,12104.27872,1.63
South Korea,1997,46173816,Asia,74647,15993.52796,1.53
South Korea,2002,47969150,Asia,77045,19233.98818,1.25
South Korea,2007,49044790,Asia,78623,23348.13973,1.16
Spain,1952,28549870,Europe,64.94,3834.034742,2.51
Spain,1957,29841614,Europe,66.66,4564.80241,2.69
Spain,1962,31158061,Europe,69.69,5693.843879,2.8
Spain,1967,32850275,Europe,71.44,7993.512294,2.85
Spain,1972,34513161,Europe,73.06,10638.75131,2.86
Spain,1977,36439000,Europe,74.39,13236.92117,2.59
Spain,1982,37983310,Europe,76.3,13926.16997,1.96
Spain,1987,38880702,Europe,76.9,15764.98313,1.49
Spain,1992,39549438,Europe,77.57,18603.06452,1.28
Spain,1997,39855442,Europe,78.77,20445.29896,1.2
Spain,2002,40152517,Europe,79.78,24835.47166,1.28
Spain,2007,40448191,Europe,80941,28821.0637,1.38
Sri Lanka,1952,7982342,Asia,57593,1083.53203,5.84
Sri Lanka,1957,9128546,Asia,61456,1072.546602,5.83
Sri Lanka,1962,10421936,Asia,62192,1074.47196,5.3
Sri Lanka,1967,11737396,Asia,64266,1135.514326,4.73
Sri Lanka,1972,13016733,Asia,65042,1213.39553,4.08
Sri Lanka,1977,14116836,Asia,65949,1348.775651,3.63
Sri Lanka,1982,15410151,Asia,68757,1648.079789,3.22
Sri Lanka,1987,16495304,Asia,69011,1876.766827,2.7
Sri Lanka,1992,17587060,Asia,70379,2153.739222,2.39
Sri Lanka,1997,18698655,Asia,70457,2664.477257,2.25
Sri Lanka,2002,19576783,Asia,70815,3015.378833,2.26
Sri Lanka,2007,20378239,Asia,72396,3970.095407,2.27
Sudan,1952,8504667,Africa,38635,1615.991129,6.65
Sudan,1957,9753392,Africa,39624,1770.337074,6.65
Sudan,1962,11183227,Africa,40.87,1959.593767,6.74
Sudan,1967,12716129,Africa,42858,1687.997641,6.85
Sudan,1972,14597019,Africa,45083,1659.652775,6.91
Sudan,1977,17104986,Africa,47.8,2202.988423,6.92
Sudan,1982,20367053,Africa,50338,1895.544073,6.67
Sudan,1987,24725960,Africa,51744,1507.819159,6.34
Sudan,1992,28227588,Africa,53556,1492.197043,6.03
Sudan,1997,32160729,Africa,55373,1632.210764,5.68
Sudan,2002,37090298,Africa,56369,1993.398314,5.33
Sudan,2007,42292929,Africa,58556,2602.394995,5.03
Swaziland,1952,290243,Africa,41407,1148.376626,6.7
Swaziland,1957,326741,Africa,43424,1244.708364,6.7
Swaziland,1962,370006,Africa,44992,1856.182125,6.75
Swaziland,1967,420690,Africa,46633,2613.101665,6.84
Swaziland,1972,480105,Africa,49552,3364.836625,6.87
Swaziland,1977,551425,Africa,52537,3781.410618,6.76
Swaziland,1982,649901,Africa,55561,3895.384018,6.54
Swaziland,1987,779348,Africa,57678,3984.839812,6.06
Swaziland,1992,962344,Africa,58474,3553.0224,5.29
Swaziland,1997,1054486,Africa,54289,3876.76846,4.52
Swaziland,2002,1130269,Africa,43869,4128.116943,4.04
Swaziland,2007,1133066,Africa,39613,4513.480643,3.76
Sweden,1952,7124673,Europe,71.86,8527.844662,2.24
Sweden,1957,7363802,Europe,72.49,9911.878226,2.3
Sweden,1962,7561588,Europe,73.37,12329.44192,2.26
Sweden,1967,7867931,Europe,74.16,15258.29697,2.27
Sweden,1972,8122293,Europe,74.72,17832.02464,1.91
Sweden,1977,8251648,Europe,75.44,18855.72521,1.65
Sweden,1982,8325260,Europe,76.42,20667.38125,1.63
Sweden,1987,8421403,Europe,77.19,23586.92927,1.84
Sweden,1992,8718867,Europe,78.16,23880.01683,2.08
Sweden,1997,8897619,Europe,79.39,25266.59499,1.53
Sweden,2002,8954175,Europe,80.04,29341.63093,1.67
Sweden,2007,9031088,Europe,80884,33859.74835,1.89
Switzerland,1952,4815000,Europe,69.62,14734.23275,2.3
Switzerland,1957,5126000,Europe,70.56,17909.48973,2.39
Switzerland,1962,5666000,Europe,71.32,20431.0927,2.58
Switzerland,1967,6063000,Europe,72.77,22966.14432,2.4
Switzerland,1972,6401400,Europe,73.78,27195.11304,1.92
Switzerland,1977,6316424,Europe,75.39,26982.29052,1.57
Switzerland,1982,6468126,Europe,76.21,28397.71512,1.52
Switzerland,1987,6649942,Europe,77.41,30281.70459,1.55
Switzerland,1992,6995447,Europe,78.03,31871.5303,1.54
Switzerland,1997,7193761,Europe,79.37,32135.32301,1.49
Switzerland,2002,7361757,Europe,80.62,34480.95771,1.42
Switzerland,2007,7554661,Europe,81701,37506.41907,1.46
Syria,1952,3661549,Asia,45883,1643.485354,7.21
Syria,1957,4149908,Asia,48284,2117.234893,7.37
Syria,1962,4834621,Asia,50305,2193.037133,7.52
Syria,1967,5680812,Asia,53655,1881.923632,7.57
Syria,1972,6701172,Asia,57296,2571.423014,7.56
Syria,1977,7932503,Asia,61195,3195.484582,7.36
Syria,1982,9410494,Asia,64.59,3761.837715,6.84
Syria,1987,11242847,Asia,66974,3116.774285,5.96
Syria,1992,13219062,Asia,69249,3340.542768,4.92
Syria,1997,15081016,Asia,71527,4014.238972,4.32
Syria,2002,17155814,Asia,73053,4090.925331,3.84
Syria,2007,19314747,Asia,74143,4184.548089,3.39
Taiwan,1952,8550362,Asia,58.5,1206.947913,6.38
Taiwan,1957,10164215,Asia,62.4,1507.86129,6.33
Taiwan,1962,11918938,Asia,65.2,1822.879028,5.44
Taiwan,1967,13648692,Asia,67.5,2643.858681,4.6
Taiwan,1972,15226039,Asia,69.39,4062.523897,3.59
Taiwan,1977,16785196,Asia,70.59,5596.519826,2.9
Taiwan,1982,18501390,Asia,72.16,7426.354774,2.32
Taiwan,1987,19757799,Asia,73.4,11054.56175,1.7
Taiwan,1992,20686918,Asia,74.26,15215.6579,1.73
Taiwan,1997,21628605,Asia,75.25,20206.82098,1.77
Taiwan,2002,22454239,Asia,76.99,23235.42329,1.34
Taiwan,2007,23174294,Asia,78.4,28718.27684,1.1
Tanzania,1952,8322925,Africa,41215,716.6500721,6.73
Tanzania,1957,9452826,Africa,42974,698.5356073,6.8
Tanzania,1962,10863958,Africa,44246,722.0038073,6.8
Tanzania,1967,12607312,Africa,45757,848.2186575,6.79
Tanzania,1972,14706593,Africa,47.62,915.9850592,6.76
Tanzania,1977,17129565,Africa,49919,962.4922932,6.73
Tanzania,1982,19844382,Africa,50608,874.2426069,6.58
Tanzania,1987,23040630,Africa,51535,831.8220794,6.38
Tanzania,1992,26605473,Africa,50.44,825.682454,6.08
Tanzania,1997,30686889,Africa,48466,789.1862231,5.78
Tanzania,2002,34593779,Africa,49651,899.0742111,5.67
Tanzania,2007,38139640,Africa,52517,1107.482182,5.58
Thailand,1952,21289402,Asia,50848,757.7974177,6.14
Thailand,1957,25041917,Asia,53.63,793.5774148,6.14
Thailand,1962,29263397,Asia,56061,1002.199172,6.16
Thailand,1967,34024249,Asia,58285,1295.46066,6.01
Thailand,1972,39276153,Asia,60405,1524.358936,5.18
Thailand,1977,44148285,Asia,62494,1961.224635,4.03
Thailand,1982,48827160,Asia,64597,2393.219781,3.02
Thailand,1987,52910342,Asia,66084,2982.653773,2.35
Thailand,1992,56667095,Asia,67298,4616.896545,2
Thailand,1997,60216677,Asia,67521,5852.625497,1.78
Thailand,2002,62806748,Asia,68564,5913.187529,1.62
Thailand,2007,65068149,Asia,70616,7458.396327,1.56
Togo,1952,1219113,Africa,38596,859.8086567,6.33
Togo,1957,1357445,Africa,41208,925.9083202,6.4
Togo,1962,1528098,Africa,43922,1067.53481,6.62
Togo,1967,1735550,Africa,46769,1477.59676,6.91
Togo,1972,2056351,Africa,49759,1649.660188,7.18
Togo,1977,2308582,Africa,52887,1532.776998,7.28
Togo,1982,2644765,Africa,55471,1344.577953,7.1
Togo,1987,3154264,Africa,56941,1202.201361,6.67
Togo,1992,3747553,Africa,58061,1034.298904,6.08
Togo,1997,4320890,Africa,58.39,982.2869243,5.59
Togo,2002,4977378,Africa,57561,886.2205765,5.32
Togo,2007,5701579,Africa,58.42,882.9699438,5.06
Trinidad and Tobago,1952,662850,Americas,59.1,3023.271928,5.29
Trinidad and Tobago,1957,764900,Americas,61.8,4100.3934,5.34
Trinidad and Tobago,1962,887498,Americas,64.9,4997.523971,5.05
Trinidad and Tobago,1967,960155,Americas,65.4,5621.368472,3.99
Trinidad and Tobago,1972,975199,Americas,65.9,6619.551419,3.43
Trinidad and Tobago,1977,1039009,Americas,68.3,7899.554209,3.27
Trinidad and Tobago,1982,1116479,Americas,68832,9119.528607,3.26
Trinidad and Tobago,1987,1191336,Americas,69582,7388.597823,2.83
Trinidad and Tobago,1992,1183669,Americas,69862,7370.990932,2.23
Trinidad and Tobago,1997,1138101,Americas,69465,8792.573126,1.84
Trinidad and Tobago,2002,1101832,Americas,68976,11460.60023,1.74
Trinidad and Tobago,2007,1056608,Americas,69819,18008.50924,1.79
Tunisia,1952,3647735,Africa,44.6,1468.475631,6.68
Tunisia,1957,3950849,Africa,47.1,1395.232468,6.85
Tunisia,1962,4286552,Africa,49579,1660.30321,6.99
Tunisia,1967,4786986,Africa,52053,1932.360167,6.94
Tunisia,1972,5303507,Africa,55602,2753.285994,6.47
Tunisia,1977,6005061,Africa,59837,3120.876811,5.73
Tunisia,1982,6734098,Africa,64048,3560.233174,4.92
Tunisia,1987,7724976,Africa,66894,3810.419296,4.07
Tunisia,1992,8523077,Africa,70001,4332.720164,3.09
Tunisia,1997,9231669,Africa,71973,4876.798614,2.38
Tunisia,2002,9770575,Africa,73042,5722.895655,2.05
Tunisia,2007,10276158,Africa,73923,7092.923025,2.02
Turkey,1952,22235677,Europe,43585,1969.10098,6.67
Turkey,1957,25670939,Europe,48079,2218.754257,6.51
Turkey,1962,29788695,Europe,52098,2322.869908,6.24
Turkey,1967,33411317,Europe,54336,2826.356387,5.86
Turkey,1972,37492953,Europe,57005,3450.69638,5.43
Turkey,1977,42404033,Europe,59507,4269.122326,4.79
Turkey,1982,47328791,Europe,61036,4241.356344,4.16
Turkey,1987,52881328,Europe,63108,5089.043686,3.46
Turkey,1992,58179144,Europe,66146,5678.348271,2.94
Turkey,1997,63047647,Europe,68835,6601.429915,2.66
Turkey,2002,67308928,Europe,70845,6508.085718,2.4
Turkey,2007,71158647,Europe,71777,8458.276384,2.21
Uganda,1952,5824797,Africa,39978,734.753484,6.9
Uganda,1957,6675501,Africa,42571,774.3710692,6.94
Uganda,1962,7688797,Africa,45344,767.2717398,7.04
Uganda,1967,8900294,Africa,48051,908.9185217,7.11
Uganda,1972,10190285,Africa,51016,950.735869,7.11
Uganda,1977,11457758,Africa,50.35,843.7331372,7.1
Uganda,1982,12939400,Africa,49849,682.2662268,7.1
Uganda,1987,15283050,Africa,51509,617.7244065,7.1
Uganda,1992,18252190,Africa,48825,644.1707969,7.07
Uganda,1997,21210254,Africa,44578,816.559081,6.97
Uganda,2002,24739869,Africa,47813,927.7210018,6.77
Uganda,2007,29170398,Africa,51542,1056.380121,6.42
United Kingdom,1952,50430000,Europe,69.18,9979.508487,2.15
United Kingdom,1957,51430000,Europe,70.42,11283.17795,2.48
United Kingdom,1962,53292000,Europe,70.76,12477.17707,2.79
United Kingdom,1967,54959000,Europe,71.36,14142.85089,2.61
United Kingdom,1972,56079000,Europe,72.01,15895.11641,2.07
United Kingdom,1977,56179000,Europe,72.76,17428.74846,1.74
United Kingdom,1982,56339704,Europe,74.04,18232.42452,1.76
United Kingdom,1987,56981620,Europe,75007,21664.78767,1.83
United Kingdom,1992,57866349,Europe,76.42,22705.09254,1.79
United Kingdom,1997,58808266,Europe,77218,26074.53136,1.73
United Kingdom,2002,59912431,Europe,78471,29478.99919,1.67
United Kingdom,2007,60776238,Europe,79425,33203.26128,1.84
United States,1952,157553000,Americas,68.44,13990.48208,3.3
United States,1957,171984000,Americas,69.49,14847.12712,3.74
United States,1962,186538000,Americas,70.21,16173.14586,3.48
United States,1967,198712000,Americas,70.76,19530.36557,2.56
United States,1972,209896000,Americas,71.34,21806.03594,2.01
United States,1977,220239000,Americas,73.38,24072.63213,1.78
United States,1982,232187835,Americas,74.65,25009.55914,1.81
United States,1987,242803533,Americas,75.02,29884.35041,1.87
United States,1992,256894189,Americas,76.09,32003.93224,2.04
United States,1997,272911760,Americas,76.81,35767.43303,1.97
United States,2002,287675526,Americas,77.31,39097.09955,2.02
United States,2007,301139947,Americas,78242,42951.65309,2.12
Uruguay,1952,2252965,Americas,66071,5716.766744,2.72
Uruguay,1957,2424959,Americas,67044,6150.772969,2.83
Uruguay,1962,2598466,Americas,68253,5603.357717,2.88
Uruguay,1967,2748579,Americas,68468,5444.61962,2.83
Uruguay,1972,2829526,Americas,68673,5703.408898,2.97
Uruguay,1977,2873520,Americas,69481,6504.339663,2.91
Uruguay,1982,2953997,Americas,70805,6920.223051,2.62
Uruguay,1987,3045153,Americas,71918,7452.398969,2.52
Uruguay,1992,3149262,Americas,72752,8137.004775,2.49
Uruguay,1997,3262838,Americas,74223,9230.240708,2.33
Uruguay,2002,3363085,Americas,75307,7727.002004,2.21
Uruguay,2007,3447496,Americas,76384,10611.46299,2.13
Venezuela,1952,5439568,Americas,55088,7689.799761,6.46
Venezuela,1957,6702668,Americas,57907,9802.466526,6.48
Venezuela,1962,8143375,Americas,60.77,8422.974165,6.63
Venezuela,1967,9709552,Americas,63479,9541.474188,6.01
Venezuela,1972,11515649,Americas,65712,10505.25966,5.05
Venezuela,1977,13503563,Americas,67456,13143.95095,4.48
Venezuela,1982,15620766,Americas,68557,11152.41011,4.01
Venezuela,1987,17910182,Americas,70.19,9883.584648,3.67
Venezuela,1992,20265563,Americas,71.15,10733.92631,3.29
Venezuela,1997,22374398,Americas,72146,10165.49518,2.97
Venezuela,2002,24287670,Americas,72766,8605.047831,2.74
Venezuela,2007,26084662,Americas,73747,11415.80569,2.56
Vietnam,1952,26246839,Asia,40412,605.0664917,5.31
Vietnam,1957,28998543,Asia,42887,676.2854478,6.12
Vietnam,1962,33796140,Asia,45363,772.0491602,6.43
Vietnam,1967,39463910,Asia,47838,637.1232887,6.49
Vietnam,1972,44655014,Asia,50254,699.5016441,6.35
Vietnam,1977,50533506,Asia,55764,713.5371196,5.61
Vietnam,1982,56142181,Asia,58816,707.2357863,4.69
Vietnam,1987,62826491,Asia,62.82,820.7994449,3.93
Vietnam,1992,69940728,Asia,67662,989.0231487,3.26
Vietnam,1997,76048996,Asia,70672,1385.896769,2.36
Vietnam,2002,80908147,Asia,73017,1764.456677,1.92
Vietnam,2007,85262356,Asia,74249,2441.576404,1.91
Yemen,1952,4963829,Asia,32548,781.7175761,7.31
Yemen,1957,5498090,Asia,33.97,804.8304547,7.37
Yemen,1962,6120081,Asia,35.18,825.6232006,7.58
Yemen,1967,6740785,Asia,36984,862.4421463,7.76
Yemen,1972,7407075,Asia,39848,1265.047031,7.92
Yemen,1977,8403990,Asia,44175,1829.765177,8.5
Yemen,1982,9657618,Asia,49113,1977.55701,8.83
Yemen,1987,11219340,Asia,52922,1971.741538,8.83
Yemen,1992,13367997,Asia,55599,1879.496673,8.27
Yemen,1997,15826497,Asia,58.02,2117.484526,6.99
Yemen,2002,18701257,Asia,60308,2234.820827,5.95
Yemen,2007,22211743,Asia,62698,2280.769906,5.09
Zambia,1952,2672000,Africa,42038,1147.388831,6.7
Zambia,1957,3016000,Africa,44077,1311.956766,6.92
Zambia,1962,3421000,Africa,46023,1452.725766,7.21
Zambia,1967,3900000,Africa,47768,1777.077318,7.32
Zambia,1972,4506497,Africa,50107,1773.498265,7.39
Zambia,1977,5216550,Africa,51386,1588.688299,7.28
Zambia,1982,6100407,Africa,51821,1408.678565,6.95
Zambia,1987,7272406,Africa,50821,1213.315116,6.62
Zambia,1992,8381163,Africa,46.1,1210.884633,6.33
Zambia,1997,9417789,Africa,40238,1071.353818,6.12
Zambia,2002,10595811,Africa,39193,1071.613938,5.96
Zambia,2007,11746035,Africa,42384,1271.211593,5.64
Zimbabwe,1952,3080907,Africa,48451,406.8841148,6.78
Zimbabwe,1957,3646340,Africa,50469,518.7642681,6.98
Zimbabwe,1962,4277736,Africa,52358,527.2721818,7.27
Zimbabwe,1967,4995432,Africa,53995,569.7950712,7.4
Zimbabwe,1972,5861135,Africa,55635,799.3621758,7.42
Zimbabwe,1977,6642107,Africa,57674,685.5876821,7.33
Zimbabwe,1982,7636524,Africa,60363,788.8550411,6.81
Zimbabwe,1987,9216418,Africa,62351,706.1573059,5.78
Zimbabwe,1992,10704340,Africa,60377,693.4207856,4.84
Zimbabwe,1997,11404948,Africa,46809,792.4499603,4.24
Zimbabwe,2002,11926563,Africa,39989,672.0386227,4
Zimbabwe,2007,12311143,Africa,43487,469.7092981,4
